{"v":"5.6.3","fr":29.9700012207031,"ip":0,"op":122.000004969162,"w":300,"h":400,"nm":"Comp 1","ddd":0,"assets":[],"layers":[{"ddd":0,"ind":1,"ty":4,"nm":"Wallet/Wallet money Outlines","sr":1,"ks":{"o":{"a":1,"k":[{"i":{"x":[0.667],"y":[1]},"o":{"x":[0.333],"y":[0]},"t":0,"s":[0]},{"t":6.00000024438501,"s":[100]}],"ix":11},"r":{"a":0,"k":0,"ix":10},"p":{"a":1,"k":[{"i":{"x":0.667,"y":1},"o":{"x":0.333,"y":0},"t":0,"s":[242,259,0],"to":[-15.333,0,0],"ti":[15.333,0,0]},{"t":15.0000006109625,"s":[150,259,0]}],"ix":2},"a":{"a":0,"k":[90.5,36,0],"ix":1},"s":{"a":0,"k":[100,100,100],"ix":6}},"ao":0,"shapes":[{"ty":"gr","it":[{"ind":0,"ty":"sh","ix":1,"ks":{"a":0,"k":{"i":[[1.061,0],[0,0],[0,0],[0.058,-0.004],[0,0],[0.025,-0.001],[0,0],[0.951,-1.079],[-0.009,-1.415],[0,0],[-0.908,-1.01],[-1.378,0],[0,0],[0,0],[-0.025,0.001],[0,0],[0,0],[0,0],[0,0],[-0.749,0.758],[0.007,1.066],[0,0],[0.752,0.747]],"o":[[0,0],[0,0],[-0.102,0.001],[0,0],[-0.032,0],[0,0],[-1.385,0.009],[-0.901,1.024],[0,0],[0.009,1.409],[0.958,1.065],[0,0],[0,0],[0.032,0],[0,0],[0,0],[0,0],[0,0],[1.066,-0.007],[0.748,-0.759],[0,0],[-0.008,-1.06],[-0.752,-0.747]],"v":[[46.385,-33.031],[46.359,-33.031],[-27.33,-32.55],[-27.577,-32.538],[-41.368,-32.448],[-41.454,-32.446],[-45.751,-32.417],[-49.374,-30.729],[-50.757,-26.948],[-50.391,27.629],[-48.967,31.379],[-45.344,33.031],[-45.311,33.031],[29.279,32.542],[29.363,32.54],[36.936,32.49],[38.701,32.479],[38.701,32.469],[46.796,32.417],[49.611,31.23],[50.76,28.401],[50.374,-29.069],[49.195,-31.872]],"c":true},"ix":2},"nm":"Path 1","mn":"ADBE Vector Shape - Group","hd":false},{"ind":1,"ty":"sh","ix":2,"ks":{"a":0,"k":{"i":[[0,0],[-0.009,-1.222],[0,0],[1.228,-0.008],[0,0],[0,0],[0,0],[0.012,0],[0,0],[0,0],[0.013,2.018],[0,0],[-1.808,0.012],[0,0],[-0.011,0],[0,0],[-0.065,0.001],[0,0]],"o":[[1.22,0],[0,0],[0.009,1.227],[0,0],[0,0],[0,0],[-0.012,0],[0,0],[0,0],[-1.799,0],[0,0],[-0.014,-2.025],[0,0],[0.011,0],[0,0],[0.064,-0.004],[0,0],[0,0]],"v":[[46.385,-31.263],[48.606,-29.057],[48.992,28.413],[46.785,30.649],[36.923,30.714],[36.923,30.723],[29.301,30.773],[29.266,30.775],[-45.324,31.263],[-45.344,31.263],[-48.622,27.617],[-48.99,-26.961],[-45.74,-30.65],[-41.391,-30.678],[-41.357,-30.68],[-27.51,-30.771],[-27.318,-30.782],[46.369,-31.263]],"c":true},"ix":2},"nm":"Path 2","mn":"ADBE Vector Shape - Group","hd":false},{"ty":"mm","mm":1,"nm":"Merge Paths 1","mn":"ADBE Vector Filter - Merge","hd":false},{"ty":"fl","c":{"a":0,"k":[0.426999978458,0.298000021542,0.255000005984,1],"ix":4},"o":{"a":0,"k":100,"ix":5},"r":1,"bm":0,"nm":"Fill 1","mn":"ADBE Vector Graphic - Fill","hd":false},{"ty":"tr","p":{"a":0,"k":[82.281,33.281],"ix":2},"a":{"a":0,"k":[0,0],"ix":1},"s":{"a":0,"k":[100,100],"ix":3},"r":{"a":0,"k":0,"ix":6},"o":{"a":0,"k":100,"ix":7},"sk":{"a":0,"k":0,"ix":4},"sa":{"a":0,"k":0,"ix":5},"nm":"Transform"}],"nm":"Group 1","np":6,"cix":2,"bm":0,"ix":1,"mn":"ADBE Vector Group","hd":false},{"ty":"gr","it":[{"ind":0,"ty":"sh","ix":1,"ks":{"a":0,"k":{"i":[[0.488,0],[0,0],[0,0.488],[-0.488,0],[0,0],[0,-0.488]],"o":[[0,0],[-0.488,0],[0,-0.488],[0,0],[0.488,0],[0,0.488]],"v":[[81.686,0.884],[-81.686,0.884],[-82.57,0],[-81.686,-0.884],[81.686,-0.884],[82.57,0]],"c":true},"ix":2},"nm":"Path 1","mn":"ADBE Vector Shape - Group","hd":false},{"ty":"fl","c":{"a":0,"k":[0.426999978458,0.298000021542,0.255000005984,1],"ix":4},"o":{"a":0,"k":100,"ix":5},"r":1,"bm":0,"nm":"Fill 1","mn":"ADBE Vector Graphic - Fill","hd":false},{"ty":"tr","p":{"a":0,"k":[82.819,65.417],"ix":2},"a":{"a":0,"k":[0,0],"ix":1},"s":{"a":0,"k":[100,100],"ix":3},"r":{"a":0,"k":0,"ix":6},"o":{"a":0,"k":100,"ix":7},"sk":{"a":0,"k":0,"ix":4},"sa":{"a":0,"k":0,"ix":5},"nm":"Transform"}],"nm":"Group 2","np":4,"cix":2,"bm":0,"ix":2,"mn":"ADBE Vector Group","hd":false},{"ty":"gr","it":[{"ind":0,"ty":"sh","ix":1,"ks":{"a":0,"k":{"i":[[-0.265,0.002],[0,0],[-0.003,-0.338],[0.264,-0.001],[0,0],[0.002,0.338]],"o":[[0,0],[0.263,-0.002],[0.002,0.338],[0,0],[-0.265,0.002],[-0.003,-0.338]],"v":[[-2.299,-0.596],[2.292,-0.627],[2.774,-0.019],[2.3,0.594],[-2.29,0.628],[-2.773,0.02]],"c":true},"ix":2},"nm":"Path 1","mn":"ADBE Vector Shape - Group","hd":false},{"ty":"fl","c":{"a":0,"k":[0.426999978458,0.298000021542,0.255000005984,1],"ix":4},"o":{"a":0,"k":100,"ix":5},"r":1,"bm":0,"nm":"Fill 1","mn":"ADBE Vector Graphic - Fill","hd":false},{"ty":"tr","p":{"a":0,"k":[127.529,8.066],"ix":2},"a":{"a":0,"k":[0,0],"ix":1},"s":{"a":0,"k":[100,100],"ix":3},"r":{"a":0,"k":0,"ix":6},"o":{"a":0,"k":100,"ix":7},"sk":{"a":0,"k":0,"ix":4},"sa":{"a":0,"k":0,"ix":5},"nm":"Transform"}],"nm":"Group 3","np":4,"cix":2,"bm":0,"ix":3,"mn":"ADBE Vector Group","hd":false},{"ty":"gr","it":[{"ind":0,"ty":"sh","ix":1,"ks":{"a":0,"k":{"i":[[-0.264,0.002],[0,0],[-0.003,-0.338],[0.263,-0.001],[0,0],[0.002,0.338]],"o":[[0,0],[0.263,-0.002],[0.002,0.338],[0,0],[-0.265,0.002],[-0.003,-0.338]],"v":[[-2.299,-0.596],[2.292,-0.627],[2.774,-0.019],[2.301,0.594],[-2.29,0.628],[-2.773,0.02]],"c":true},"ix":2},"nm":"Path 1","mn":"ADBE Vector Shape - Group","hd":false},{"ty":"fl","c":{"a":0,"k":[0.426999978458,0.298000021542,0.255000005984,1],"ix":4},"o":{"a":0,"k":100,"ix":5},"r":1,"bm":0,"nm":"Fill 1","mn":"ADBE Vector Graphic - Fill","hd":false},{"ty":"tr","p":{"a":0,"k":[119.285,8.123],"ix":2},"a":{"a":0,"k":[0,0],"ix":1},"s":{"a":0,"k":[100,100],"ix":3},"r":{"a":0,"k":0,"ix":6},"o":{"a":0,"k":100,"ix":7},"sk":{"a":0,"k":0,"ix":4},"sa":{"a":0,"k":0,"ix":5},"nm":"Transform"}],"nm":"Group 4","np":4,"cix":2,"bm":0,"ix":4,"mn":"ADBE Vector Group","hd":false},{"ty":"gr","it":[{"ind":0,"ty":"sh","ix":1,"ks":{"a":0,"k":{"i":[[-0.264,0.001],[0,0],[-0.002,-0.338],[0.264,-0.002],[0,0],[0.003,0.338]],"o":[[0,0],[0.264,-0.002],[0.003,0.337],[0,0],[-0.264,0.002],[-0.002,-0.337]],"v":[[-2.3,-0.595],[2.291,-0.627],[2.773,-0.019],[2.3,0.595],[-2.291,0.627],[-2.774,0.019]],"c":true},"ix":2},"nm":"Path 1","mn":"ADBE Vector Shape - Group","hd":false},{"ty":"fl","c":{"a":0,"k":[0.426999978458,0.298000021542,0.255000005984,1],"ix":4},"o":{"a":0,"k":100,"ix":5},"r":1,"bm":0,"nm":"Fill 1","mn":"ADBE Vector Graphic - Fill","hd":false},{"ty":"tr","p":{"a":0,"k":[111.096,8.181],"ix":2},"a":{"a":0,"k":[0,0],"ix":1},"s":{"a":0,"k":[100,100],"ix":3},"r":{"a":0,"k":0,"ix":6},"o":{"a":0,"k":100,"ix":7},"sk":{"a":0,"k":0,"ix":4},"sa":{"a":0,"k":0,"ix":5},"nm":"Transform"}],"nm":"Group 5","np":4,"cix":2,"bm":0,"ix":5,"mn":"ADBE Vector Group","hd":false},{"ty":"gr","it":[{"ind":0,"ty":"sh","ix":1,"ks":{"a":0,"k":{"i":[[-0.264,0.002],[0,0],[-0.002,-0.338],[0.265,-0.002],[0,0],[0.002,0.337]],"o":[[0,0],[0.265,-0.002],[0.003,0.338],[0,0],[-0.264,0.001],[-0.002,-0.338]],"v":[[-2.3,-0.595],[2.29,-0.627],[2.773,-0.019],[2.299,0.595],[-2.291,0.628],[-2.774,0.02]],"c":true},"ix":2},"nm":"Path 1","mn":"ADBE Vector Shape - Group","hd":false},{"ty":"fl","c":{"a":0,"k":[0.426999978458,0.298000021542,0.255000005984,1],"ix":4},"o":{"a":0,"k":100,"ix":5},"r":1,"bm":0,"nm":"Fill 1","mn":"ADBE Vector Graphic - Fill","hd":false},{"ty":"tr","p":{"a":0,"k":[102.205,8.243],"ix":2},"a":{"a":0,"k":[0,0],"ix":1},"s":{"a":0,"k":[100,100],"ix":3},"r":{"a":0,"k":0,"ix":6},"o":{"a":0,"k":100,"ix":7},"sk":{"a":0,"k":0,"ix":4},"sa":{"a":0,"k":0,"ix":5},"nm":"Transform"}],"nm":"Group 6","np":4,"cix":2,"bm":0,"ix":6,"mn":"ADBE Vector Group","hd":false},{"ty":"gr","it":[{"ind":0,"ty":"sh","ix":1,"ks":{"a":0,"k":{"i":[[-0.264,0.002],[0,0],[-0.002,-0.338],[0.264,-0.002],[0,0],[0.002,0.337]],"o":[[0,0],[0.264,-0.002],[0.002,0.338],[0,0],[-0.264,0.002],[-0.003,-0.338]],"v":[[-2.299,-0.596],[2.291,-0.627],[2.774,-0.019],[2.3,0.594],[-2.291,0.628],[-2.773,0.02]],"c":true},"ix":2},"nm":"Path 1","mn":"ADBE Vector Shape - Group","hd":false},{"ty":"fl","c":{"a":0,"k":[0.426999978458,0.298000021542,0.255000005984,1],"ix":4},"o":{"a":0,"k":100,"ix":5},"r":1,"bm":0,"nm":"Fill 1","mn":"ADBE Vector Graphic - Fill","hd":false},{"ty":"tr","p":{"a":0,"k":[93.788,8.302],"ix":2},"a":{"a":0,"k":[0,0],"ix":1},"s":{"a":0,"k":[100,100],"ix":3},"r":{"a":0,"k":0,"ix":6},"o":{"a":0,"k":100,"ix":7},"sk":{"a":0,"k":0,"ix":4},"sa":{"a":0,"k":0,"ix":5},"nm":"Transform"}],"nm":"Group 7","np":4,"cix":2,"bm":0,"ix":7,"mn":"ADBE Vector Group","hd":false},{"ty":"gr","it":[{"ind":0,"ty":"sh","ix":1,"ks":{"a":0,"k":{"i":[[-0.264,0.002],[0,0],[-0.002,-0.338],[0.264,-0.002],[0,0],[0.002,0.338]],"o":[[0,0],[0.264,-0.002],[0.003,0.337],[0,0],[-0.264,0.002],[-0.002,-0.337]],"v":[[-2.3,-0.595],[2.291,-0.627],[2.773,-0.019],[2.299,0.595],[-2.291,0.627],[-2.774,0.019]],"c":true},"ix":2},"nm":"Path 1","mn":"ADBE Vector Shape - Group","hd":false},{"ty":"fl","c":{"a":0,"k":[0.426999978458,0.298000021542,0.255000005984,1],"ix":4},"o":{"a":0,"k":100,"ix":5},"r":1,"bm":0,"nm":"Fill 1","mn":"ADBE Vector Graphic - Fill","hd":false},{"ty":"tr","p":{"a":0,"k":[85.372,8.36],"ix":2},"a":{"a":0,"k":[0,0],"ix":1},"s":{"a":0,"k":[100,100],"ix":3},"r":{"a":0,"k":0,"ix":6},"o":{"a":0,"k":100,"ix":7},"sk":{"a":0,"k":0,"ix":4},"sa":{"a":0,"k":0,"ix":5},"nm":"Transform"}],"nm":"Group 8","np":4,"cix":2,"bm":0,"ix":8,"mn":"ADBE Vector Group","hd":false},{"ty":"gr","it":[{"ind":0,"ty":"sh","ix":1,"ks":{"a":0,"k":{"i":[[-0.264,0.002],[0,0],[-0.002,-0.338],[0.264,-0.002],[0,0],[0.002,0.337]],"o":[[0,0],[0.264,-0.002],[0.002,0.338],[0,0],[-0.264,0.002],[-0.003,-0.338]],"v":[[-2.299,-0.596],[2.291,-0.627],[2.774,-0.019],[2.3,0.594],[-2.291,0.628],[-2.773,0.02]],"c":true},"ix":2},"nm":"Path 1","mn":"ADBE Vector Shape - Group","hd":false},{"ty":"fl","c":{"a":0,"k":[0.426999978458,0.298000021542,0.255000005984,1],"ix":4},"o":{"a":0,"k":100,"ix":5},"r":1,"bm":0,"nm":"Fill 1","mn":"ADBE Vector Graphic - Fill","hd":false},{"ty":"tr","p":{"a":0,"k":[76.955,8.419],"ix":2},"a":{"a":0,"k":[0,0],"ix":1},"s":{"a":0,"k":[100,100],"ix":3},"r":{"a":0,"k":0,"ix":6},"o":{"a":0,"k":100,"ix":7},"sk":{"a":0,"k":0,"ix":4},"sa":{"a":0,"k":0,"ix":5},"nm":"Transform"}],"nm":"Group 9","np":4,"cix":2,"bm":0,"ix":9,"mn":"ADBE Vector Group","hd":false},{"ty":"gr","it":[{"ind":0,"ty":"sh","ix":1,"ks":{"a":0,"k":{"i":[[-0.264,0.001],[0,0],[-0.002,-0.338],[0.264,-0.002],[0,0],[0.002,0.338]],"o":[[0,0],[0.264,-0.002],[0.003,0.337],[0,0],[-0.263,0.002],[-0.002,-0.337]],"v":[[-2.3,-0.595],[2.291,-0.627],[2.773,-0.019],[2.299,0.595],[-2.292,0.627],[-2.774,0.019]],"c":true},"ix":2},"nm":"Path 1","mn":"ADBE Vector Shape - Group","hd":false},{"ty":"fl","c":{"a":0,"k":[0.426999978458,0.298000021542,0.255000005984,1],"ix":4},"o":{"a":0,"k":100,"ix":5},"r":1,"bm":0,"nm":"Fill 1","mn":"ADBE Vector Graphic - Fill","hd":false},{"ty":"tr","p":{"a":0,"k":[68.54,8.478],"ix":2},"a":{"a":0,"k":[0,0],"ix":1},"s":{"a":0,"k":[100,100],"ix":3},"r":{"a":0,"k":0,"ix":6},"o":{"a":0,"k":100,"ix":7},"sk":{"a":0,"k":0,"ix":4},"sa":{"a":0,"k":0,"ix":5},"nm":"Transform"}],"nm":"Group 10","np":4,"cix":2,"bm":0,"ix":10,"mn":"ADBE Vector Group","hd":false},{"ty":"gr","it":[{"ind":0,"ty":"sh","ix":1,"ks":{"a":0,"k":{"i":[[-0.264,0.002],[0,0],[-0.002,-0.338],[0.264,-0.002],[0,0],[0.003,0.337]],"o":[[0,0],[0.264,-0.002],[0.003,0.338],[0,0],[-0.264,0.001],[-0.002,-0.338]],"v":[[-2.3,-0.595],[2.291,-0.627],[2.773,-0.019],[2.3,0.595],[-2.291,0.628],[-2.774,0.02]],"c":true},"ix":2},"nm":"Path 1","mn":"ADBE Vector Shape - Group","hd":false},{"ty":"fl","c":{"a":0,"k":[0.426999978458,0.298000021542,0.255000005984,1],"ix":4},"o":{"a":0,"k":100,"ix":5},"r":1,"bm":0,"nm":"Fill 1","mn":"ADBE Vector Graphic - Fill","hd":false},{"ty":"tr","p":{"a":0,"k":[60.123,8.536],"ix":2},"a":{"a":0,"k":[0,0],"ix":1},"s":{"a":0,"k":[100,100],"ix":3},"r":{"a":0,"k":0,"ix":6},"o":{"a":0,"k":100,"ix":7},"sk":{"a":0,"k":0,"ix":4},"sa":{"a":0,"k":0,"ix":5},"nm":"Transform"}],"nm":"Group 11","np":4,"cix":2,"bm":0,"ix":11,"mn":"ADBE Vector Group","hd":false},{"ty":"gr","it":[{"ind":0,"ty":"sh","ix":1,"ks":{"a":0,"k":{"i":[[-0.264,0.002],[0,0],[-0.002,-0.338],[0.264,-0.001],[0,0],[0.002,0.338]],"o":[[0,0],[0.264,-0.002],[0.003,0.338],[0,0],[-0.263,0.002],[-0.002,-0.338]],"v":[[-2.3,-0.596],[2.291,-0.627],[2.773,-0.019],[2.299,0.594],[-2.292,0.628],[-2.774,0.02]],"c":true},"ix":2},"nm":"Path 1","mn":"ADBE Vector Shape - Group","hd":false},{"ty":"fl","c":{"a":0,"k":[0.426999978458,0.298000021542,0.255000005984,1],"ix":4},"o":{"a":0,"k":100,"ix":5},"r":1,"bm":0,"nm":"Fill 1","mn":"ADBE Vector Graphic - Fill","hd":false},{"ty":"tr","p":{"a":0,"k":[51.707,8.596],"ix":2},"a":{"a":0,"k":[0,0],"ix":1},"s":{"a":0,"k":[100,100],"ix":3},"r":{"a":0,"k":0,"ix":6},"o":{"a":0,"k":100,"ix":7},"sk":{"a":0,"k":0,"ix":4},"sa":{"a":0,"k":0,"ix":5},"nm":"Transform"}],"nm":"Group 12","np":4,"cix":2,"bm":0,"ix":12,"mn":"ADBE Vector Group","hd":false},{"ty":"gr","it":[{"ind":0,"ty":"sh","ix":1,"ks":{"a":0,"k":{"i":[[-0.264,0.002],[0,0],[-0.002,-0.338],[0.264,-0.002],[0,0],[0.002,0.337]],"o":[[0,0],[0.264,-0.002],[0.002,0.338],[0,0],[-0.264,0.001],[-0.003,-0.338]],"v":[[-2.299,-0.595],[2.291,-0.627],[2.774,-0.019],[2.3,0.595],[-2.291,0.628],[-2.773,0.02]],"c":true},"ix":2},"nm":"Path 1","mn":"ADBE Vector Shape - Group","hd":false},{"ty":"fl","c":{"a":0,"k":[0.426999978458,0.298000021542,0.255000005984,1],"ix":4},"o":{"a":0,"k":100,"ix":5},"r":1,"bm":0,"nm":"Fill 1","mn":"ADBE Vector Graphic - Fill","hd":false},{"ty":"tr","p":{"a":0,"k":[34.482,8.654],"ix":2},"a":{"a":0,"k":[0,0],"ix":1},"s":{"a":0,"k":[100,100],"ix":3},"r":{"a":0,"k":0,"ix":6},"o":{"a":0,"k":100,"ix":7},"sk":{"a":0,"k":0,"ix":4},"sa":{"a":0,"k":0,"ix":5},"nm":"Transform"}],"nm":"Group 13","np":4,"cix":2,"bm":0,"ix":13,"mn":"ADBE Vector Group","hd":false},{"ty":"gr","it":[{"ind":0,"ty":"sh","ix":1,"ks":{"a":0,"k":{"i":[[-0.264,0.002],[0,0],[-0.002,-0.338],[0.264,-0.002],[0,0],[0.003,0.337]],"o":[[0,0],[0.264,-0.002],[0.003,0.338],[0,0],[-0.264,0.001],[-0.002,-0.338]],"v":[[-2.3,-0.595],[2.291,-0.627],[2.773,-0.019],[2.3,0.595],[-2.291,0.628],[-2.774,0.02]],"c":true},"ix":2},"nm":"Path 1","mn":"ADBE Vector Shape - Group","hd":false},{"ty":"fl","c":{"a":0,"k":[0.426999978458,0.298000021542,0.255000005984,1],"ix":4},"o":{"a":0,"k":100,"ix":5},"r":1,"bm":0,"nm":"Fill 1","mn":"ADBE Vector Graphic - Fill","hd":false},{"ty":"tr","p":{"a":0,"k":[43.291,8.654],"ix":2},"a":{"a":0,"k":[0,0],"ix":1},"s":{"a":0,"k":[100,100],"ix":3},"r":{"a":0,"k":0,"ix":6},"o":{"a":0,"k":100,"ix":7},"sk":{"a":0,"k":0,"ix":4},"sa":{"a":0,"k":0,"ix":5},"nm":"Transform"}],"nm":"Group 14","np":4,"cix":2,"bm":0,"ix":14,"mn":"ADBE Vector Group","hd":false},{"ty":"gr","it":[{"ind":0,"ty":"sh","ix":1,"ks":{"a":0,"k":{"i":[[-0.265,0.002],[0,0],[-0.003,-0.338],[0.264,-0.002],[0,0],[0.003,0.338]],"o":[[0,0],[0.263,-0.002],[0.002,0.337],[0,0],[-0.264,0.002],[-0.002,-0.337]],"v":[[-2.299,-0.595],[2.292,-0.627],[2.774,-0.019],[2.3,0.595],[-2.291,0.627],[-2.774,0.019]],"c":true},"ix":2},"nm":"Path 1","mn":"ADBE Vector Shape - Group","hd":false},{"ty":"fl","c":{"a":0,"k":[0.426999978458,0.298000021542,0.255000005984,1],"ix":4},"o":{"a":0,"k":100,"ix":5},"r":1,"bm":0,"nm":"Fill 1","mn":"ADBE Vector Graphic - Fill","hd":false},{"ty":"tr","p":{"a":0,"k":[128.085,58.814],"ix":2},"a":{"a":0,"k":[0,0],"ix":1},"s":{"a":0,"k":[100,100],"ix":3},"r":{"a":0,"k":0,"ix":6},"o":{"a":0,"k":100,"ix":7},"sk":{"a":0,"k":0,"ix":4},"sa":{"a":0,"k":0,"ix":5},"nm":"Transform"}],"nm":"Group 15","np":4,"cix":2,"bm":0,"ix":15,"mn":"ADBE Vector Group","hd":false},{"ty":"gr","it":[{"ind":0,"ty":"sh","ix":1,"ks":{"a":0,"k":{"i":[[-0.265,0.002],[0,0],[-0.003,-0.338],[0.264,-0.002],[0,0],[0.003,0.338]],"o":[[0,0],[0.263,-0.002],[0.002,0.337],[0,0],[-0.265,0.002],[-0.002,-0.337]],"v":[[-2.299,-0.595],[2.292,-0.627],[2.774,-0.019],[2.3,0.595],[-2.29,0.627],[-2.774,0.019]],"c":true},"ix":2},"nm":"Path 1","mn":"ADBE Vector Shape - Group","hd":false},{"ty":"fl","c":{"a":0,"k":[0.426999978458,0.298000021542,0.255000005984,1],"ix":4},"o":{"a":0,"k":100,"ix":5},"r":1,"bm":0,"nm":"Fill 1","mn":"ADBE Vector Graphic - Fill","hd":false},{"ty":"tr","p":{"a":0,"k":[119.841,58.871],"ix":2},"a":{"a":0,"k":[0,0],"ix":1},"s":{"a":0,"k":[100,100],"ix":3},"r":{"a":0,"k":0,"ix":6},"o":{"a":0,"k":100,"ix":7},"sk":{"a":0,"k":0,"ix":4},"sa":{"a":0,"k":0,"ix":5},"nm":"Transform"}],"nm":"Group 16","np":4,"cix":2,"bm":0,"ix":16,"mn":"ADBE Vector Group","hd":false},{"ty":"gr","it":[{"ind":0,"ty":"sh","ix":1,"ks":{"a":0,"k":{"i":[[-0.264,0.002],[0,0],[-0.002,-0.338],[0.263,-0.002],[0,0],[0.002,0.337]],"o":[[0,0],[0.264,-0.002],[0.003,0.338],[0,0],[-0.264,0.001],[-0.002,-0.338]],"v":[[-2.3,-0.595],[2.291,-0.627],[2.773,-0.019],[2.3,0.595],[-2.291,0.628],[-2.774,0.02]],"c":true},"ix":2},"nm":"Path 1","mn":"ADBE Vector Shape - Group","hd":false},{"ty":"fl","c":{"a":0,"k":[0.426999978458,0.298000021542,0.255000005984,1],"ix":4},"o":{"a":0,"k":100,"ix":5},"r":1,"bm":0,"nm":"Fill 1","mn":"ADBE Vector Graphic - Fill","hd":false},{"ty":"tr","p":{"a":0,"k":[111.653,58.929],"ix":2},"a":{"a":0,"k":[0,0],"ix":1},"s":{"a":0,"k":[100,100],"ix":3},"r":{"a":0,"k":0,"ix":6},"o":{"a":0,"k":100,"ix":7},"sk":{"a":0,"k":0,"ix":4},"sa":{"a":0,"k":0,"ix":5},"nm":"Transform"}],"nm":"Group 17","np":4,"cix":2,"bm":0,"ix":17,"mn":"ADBE Vector Group","hd":false},{"ty":"gr","it":[{"ind":0,"ty":"sh","ix":1,"ks":{"a":0,"k":{"i":[[-0.264,0.002],[0,0],[-0.002,-0.338],[0.264,-0.002],[0,0],[0.002,0.337]],"o":[[0,0],[0.265,-0.002],[0.003,0.338],[0,0],[-0.264,0.002],[-0.003,-0.338]],"v":[[-2.299,-0.596],[2.291,-0.628],[2.774,-0.02],[2.3,0.594],[-2.292,0.628],[-2.774,0.02]],"c":true},"ix":2},"nm":"Path 1","mn":"ADBE Vector Shape - Group","hd":false},{"ty":"fl","c":{"a":0,"k":[0.426999978458,0.298000021542,0.255000005984,1],"ix":4},"o":{"a":0,"k":100,"ix":5},"r":1,"bm":0,"nm":"Fill 1","mn":"ADBE Vector Graphic - Fill","hd":false},{"ty":"tr","p":{"a":0,"k":[102.761,58.991],"ix":2},"a":{"a":0,"k":[0,0],"ix":1},"s":{"a":0,"k":[100,100],"ix":3},"r":{"a":0,"k":0,"ix":6},"o":{"a":0,"k":100,"ix":7},"sk":{"a":0,"k":0,"ix":4},"sa":{"a":0,"k":0,"ix":5},"nm":"Transform"}],"nm":"Group 18","np":4,"cix":2,"bm":0,"ix":18,"mn":"ADBE Vector Group","hd":false},{"ty":"gr","it":[{"ind":0,"ty":"sh","ix":1,"ks":{"a":0,"k":{"i":[[-0.264,0.001],[0,0],[-0.002,-0.338],[0.264,-0.002],[0,0],[0.002,0.338]],"o":[[0,0],[0.264,-0.002],[0.003,0.337],[0,0],[-0.264,0.002],[-0.002,-0.337]],"v":[[-2.3,-0.595],[2.291,-0.627],[2.773,-0.019],[2.299,0.595],[-2.291,0.627],[-2.774,0.019]],"c":true},"ix":2},"nm":"Path 1","mn":"ADBE Vector Shape - Group","hd":false},{"ty":"fl","c":{"a":0,"k":[0.426999978458,0.298000021542,0.255000005984,1],"ix":4},"o":{"a":0,"k":100,"ix":5},"r":1,"bm":0,"nm":"Fill 1","mn":"ADBE Vector Graphic - Fill","hd":false},{"ty":"tr","p":{"a":0,"k":[94.345,59.05],"ix":2},"a":{"a":0,"k":[0,0],"ix":1},"s":{"a":0,"k":[100,100],"ix":3},"r":{"a":0,"k":0,"ix":6},"o":{"a":0,"k":100,"ix":7},"sk":{"a":0,"k":0,"ix":4},"sa":{"a":0,"k":0,"ix":5},"nm":"Transform"}],"nm":"Group 19","np":4,"cix":2,"bm":0,"ix":19,"mn":"ADBE Vector Group","hd":false},{"ty":"gr","it":[{"ind":0,"ty":"sh","ix":1,"ks":{"a":0,"k":{"i":[[-0.264,0.002],[0,0],[-0.002,-0.338],[0.264,-0.002],[0,0],[0.002,0.337]],"o":[[0,0],[0.264,-0.002],[0.002,0.338],[0,0],[-0.264,0.001],[-0.003,-0.338]],"v":[[-2.299,-0.595],[2.291,-0.627],[2.774,-0.019],[2.3,0.595],[-2.291,0.628],[-2.773,0.02]],"c":true},"ix":2},"nm":"Path 1","mn":"ADBE Vector Shape - Group","hd":false},{"ty":"fl","c":{"a":0,"k":[0.426999978458,0.298000021542,0.255000005984,1],"ix":4},"o":{"a":0,"k":100,"ix":5},"r":1,"bm":0,"nm":"Fill 1","mn":"ADBE Vector Graphic - Fill","hd":false},{"ty":"tr","p":{"a":0,"k":[85.928,59.108],"ix":2},"a":{"a":0,"k":[0,0],"ix":1},"s":{"a":0,"k":[100,100],"ix":3},"r":{"a":0,"k":0,"ix":6},"o":{"a":0,"k":100,"ix":7},"sk":{"a":0,"k":0,"ix":4},"sa":{"a":0,"k":0,"ix":5},"nm":"Transform"}],"nm":"Group 20","np":4,"cix":2,"bm":0,"ix":20,"mn":"ADBE Vector Group","hd":false},{"ty":"gr","it":[{"ind":0,"ty":"sh","ix":1,"ks":{"a":0,"k":{"i":[[-0.264,0.002],[0,0],[-0.002,-0.338],[0.264,-0.001],[0,0],[0.002,0.338]],"o":[[0,0],[0.264,-0.002],[0.003,0.338],[0,0],[-0.264,0.002],[-0.002,-0.338]],"v":[[-2.3,-0.596],[2.291,-0.628],[2.773,-0.02],[2.299,0.594],[-2.291,0.628],[-2.774,0.02]],"c":true},"ix":2},"nm":"Path 1","mn":"ADBE Vector Shape - Group","hd":false},{"ty":"fl","c":{"a":0,"k":[0.426999978458,0.298000021542,0.255000005984,1],"ix":4},"o":{"a":0,"k":100,"ix":5},"r":1,"bm":0,"nm":"Fill 1","mn":"ADBE Vector Graphic - Fill","hd":false},{"ty":"tr","p":{"a":0,"k":[77.513,59.167],"ix":2},"a":{"a":0,"k":[0,0],"ix":1},"s":{"a":0,"k":[100,100],"ix":3},"r":{"a":0,"k":0,"ix":6},"o":{"a":0,"k":100,"ix":7},"sk":{"a":0,"k":0,"ix":4},"sa":{"a":0,"k":0,"ix":5},"nm":"Transform"}],"nm":"Group 21","np":4,"cix":2,"bm":0,"ix":21,"mn":"ADBE Vector Group","hd":false},{"ty":"gr","it":[{"ind":0,"ty":"sh","ix":1,"ks":{"a":0,"k":{"i":[[-0.264,0.002],[0,0],[-0.002,-0.338],[0.264,-0.002],[0,0],[0.002,0.337]],"o":[[0,0],[0.264,-0.002],[0.002,0.338],[0,0],[-0.264,0.002],[-0.003,-0.338]],"v":[[-2.299,-0.595],[2.291,-0.627],[2.774,-0.019],[2.3,0.595],[-2.291,0.627],[-2.773,0.02]],"c":true},"ix":2},"nm":"Path 1","mn":"ADBE Vector Shape - Group","hd":false},{"ty":"fl","c":{"a":0,"k":[0.426999978458,0.298000021542,0.255000005984,1],"ix":4},"o":{"a":0,"k":100,"ix":5},"r":1,"bm":0,"nm":"Fill 1","mn":"ADBE Vector Graphic - Fill","hd":false},{"ty":"tr","p":{"a":0,"k":[69.096,59.226],"ix":2},"a":{"a":0,"k":[0,0],"ix":1},"s":{"a":0,"k":[100,100],"ix":3},"r":{"a":0,"k":0,"ix":6},"o":{"a":0,"k":100,"ix":7},"sk":{"a":0,"k":0,"ix":4},"sa":{"a":0,"k":0,"ix":5},"nm":"Transform"}],"nm":"Group 22","np":4,"cix":2,"bm":0,"ix":22,"mn":"ADBE Vector Group","hd":false},{"ty":"gr","it":[{"ind":0,"ty":"sh","ix":1,"ks":{"a":0,"k":{"i":[[-0.264,0.002],[0,0],[-0.002,-0.338],[0.264,-0.002],[0,0],[0.002,0.337]],"o":[[0,0],[0.264,-0.002],[0.003,0.338],[0,0],[-0.264,0.002],[-0.002,-0.338]],"v":[[-2.3,-0.596],[2.291,-0.628],[2.773,-0.02],[2.299,0.594],[-2.291,0.628],[-2.774,0.02]],"c":true},"ix":2},"nm":"Path 1","mn":"ADBE Vector Shape - Group","hd":false},{"ty":"fl","c":{"a":0,"k":[0.426999978458,0.298000021542,0.255000005984,1],"ix":4},"o":{"a":0,"k":100,"ix":5},"r":1,"bm":0,"nm":"Fill 1","mn":"ADBE Vector Graphic - Fill","hd":false},{"ty":"tr","p":{"a":0,"k":[60.68,59.285],"ix":2},"a":{"a":0,"k":[0,0],"ix":1},"s":{"a":0,"k":[100,100],"ix":3},"r":{"a":0,"k":0,"ix":6},"o":{"a":0,"k":100,"ix":7},"sk":{"a":0,"k":0,"ix":4},"sa":{"a":0,"k":0,"ix":5},"nm":"Transform"}],"nm":"Group 23","np":4,"cix":2,"bm":0,"ix":23,"mn":"ADBE Vector Group","hd":false},{"ty":"gr","it":[{"ind":0,"ty":"sh","ix":1,"ks":{"a":0,"k":{"i":[[-0.264,0.002],[0,0],[-0.002,-0.338],[0.264,-0.002],[0,0],[0.002,0.338]],"o":[[0,0],[0.264,-0.002],[0.002,0.337],[0,0],[-0.264,0.002],[-0.003,-0.337]],"v":[[-2.299,-0.595],[2.291,-0.627],[2.774,-0.019],[2.3,0.595],[-2.291,0.627],[-2.773,0.019]],"c":true},"ix":2},"nm":"Path 1","mn":"ADBE Vector Shape - Group","hd":false},{"ty":"fl","c":{"a":0,"k":[0.426999978458,0.298000021542,0.255000005984,1],"ix":4},"o":{"a":0,"k":100,"ix":5},"r":1,"bm":0,"nm":"Fill 1","mn":"ADBE Vector Graphic - Fill","hd":false},{"ty":"tr","p":{"a":0,"k":[52.263,59.344],"ix":2},"a":{"a":0,"k":[0,0],"ix":1},"s":{"a":0,"k":[100,100],"ix":3},"r":{"a":0,"k":0,"ix":6},"o":{"a":0,"k":100,"ix":7},"sk":{"a":0,"k":0,"ix":4},"sa":{"a":0,"k":0,"ix":5},"nm":"Transform"}],"nm":"Group 24","np":4,"cix":2,"bm":0,"ix":24,"mn":"ADBE Vector Group","hd":false},{"ty":"gr","it":[{"ind":0,"ty":"sh","ix":1,"ks":{"a":0,"k":{"i":[[-0.264,0.002],[0,0],[-0.002,-0.338],[0.264,-0.002],[0,0],[0.002,0.337]],"o":[[0,0],[0.264,-0.002],[0.003,0.338],[0,0],[-0.264,0.002],[-0.002,-0.338]],"v":[[-2.3,-0.596],[2.291,-0.628],[2.773,-0.02],[2.299,0.594],[-2.291,0.628],[-2.774,0.02]],"c":true},"ix":2},"nm":"Path 1","mn":"ADBE Vector Shape - Group","hd":false},{"ty":"fl","c":{"a":0,"k":[0.426999978458,0.298000021542,0.255000005984,1],"ix":4},"o":{"a":0,"k":100,"ix":5},"r":1,"bm":0,"nm":"Fill 1","mn":"ADBE Vector Graphic - Fill","hd":false},{"ty":"tr","p":{"a":0,"k":[35.039,59.403],"ix":2},"a":{"a":0,"k":[0,0],"ix":1},"s":{"a":0,"k":[100,100],"ix":3},"r":{"a":0,"k":0,"ix":6},"o":{"a":0,"k":100,"ix":7},"sk":{"a":0,"k":0,"ix":4},"sa":{"a":0,"k":0,"ix":5},"nm":"Transform"}],"nm":"Group 25","np":4,"cix":2,"bm":0,"ix":25,"mn":"ADBE Vector Group","hd":false},{"ty":"gr","it":[{"ind":0,"ty":"sh","ix":1,"ks":{"a":0,"k":{"i":[[-0.264,0.002],[0,0],[-0.002,-0.338],[0.264,-0.002],[0,0],[0.002,0.337]],"o":[[0,0],[0.264,-0.002],[0.003,0.338],[0,0],[-0.264,0.002],[-0.002,-0.338]],"v":[[-2.3,-0.596],[2.291,-0.628],[2.773,-0.02],[2.299,0.594],[-2.291,0.628],[-2.774,0.02]],"c":true},"ix":2},"nm":"Path 1","mn":"ADBE Vector Shape - Group","hd":false},{"ty":"fl","c":{"a":0,"k":[0.426999978458,0.298000021542,0.255000005984,1],"ix":4},"o":{"a":0,"k":100,"ix":5},"r":1,"bm":0,"nm":"Fill 1","mn":"ADBE Vector Graphic - Fill","hd":false},{"ty":"tr","p":{"a":0,"k":[43.848,59.403],"ix":2},"a":{"a":0,"k":[0,0],"ix":1},"s":{"a":0,"k":[100,100],"ix":3},"r":{"a":0,"k":0,"ix":6},"o":{"a":0,"k":100,"ix":7},"sk":{"a":0,"k":0,"ix":4},"sa":{"a":0,"k":0,"ix":5},"nm":"Transform"}],"nm":"Group 26","np":4,"cix":2,"bm":0,"ix":26,"mn":"ADBE Vector Group","hd":false},{"ty":"gr","it":[{"ind":0,"ty":"sh","ix":1,"ks":{"a":0,"k":{"i":[[0.004,0.552],[-0.951,0.006],[-0.24,-0.159],[0.52,-0.004],[-0.009,-1.215],[-0.551,-0.364]],"o":[[-0.009,-1.215],[0.288,-0.002],[-0.319,-0.463],[-0.951,0.007],[0.006,0.847],[-0.265,-0.384]],"v":[[-0.996,0.642],[0.71,-1.57],[1.51,-1.324],[0.205,-2.075],[-1.501,0.137],[-0.564,2.079]],"c":true},"ix":2},"nm":"Path 1","mn":"ADBE Vector Shape - Group","hd":false},{"ty":"fl","c":{"a":0,"k":[0.969000004787,0.741000007181,0.552999997606,1],"ix":4},"o":{"a":0,"k":100,"ix":5},"r":1,"bm":0,"nm":"Fill 1","mn":"ADBE Vector Graphic - Fill","hd":false},{"ty":"tr","p":{"a":0,"k":[46.709,31.884],"ix":2},"a":{"a":0,"k":[0,0],"ix":1},"s":{"a":0,"k":[100,100],"ix":3},"r":{"a":0,"k":0,"ix":6},"o":{"a":0,"k":100,"ix":7},"sk":{"a":0,"k":0,"ix":4},"sa":{"a":0,"k":0,"ix":5},"nm":"Transform"}],"nm":"Group 27","np":4,"cix":2,"bm":0,"ix":27,"mn":"ADBE Vector Group","hd":false},{"ty":"gr","it":[{"ind":0,"ty":"sh","ix":1,"ks":{"a":0,"k":{"i":[[0.84,0],[0,0],[0,0],[0.557,-0.722],[-0.005,-0.868],[-0.499,-0.632],[-0.84,0],[0,0],[-0.556,0.721],[0.007,0.869],[0.499,0.632]],"o":[[0,0],[0,0],[-0.844,0.006],[-0.493,0.64],[0.006,0.865],[0.562,0.712],[0,0],[0.844,-0.006],[0.494,-0.64],[-0.006,-0.865],[-0.562,-0.712]],"v":[[-0.006,-3.463],[-0.006,-3.463],[-0.025,-3.463],[-2.229,-2.318],[-2.985,0.021],[-2.201,2.343],[0.005,3.463],[0.024,3.463],[2.227,2.319],[2.983,-0.021],[2.2,-2.343]],"c":true},"ix":2},"nm":"Path 1","mn":"ADBE Vector Shape - Group","hd":false},{"ind":1,"ty":"sh","ix":2,"ks":{"a":0,"k":{"i":[[0,0],[-0.008,-1.211],[0.951,-0.007],[0,0],[0.008,1.212],[-0.95,0.007]],"o":[[0.946,0],[0.008,1.216],[0,0],[-0.946,0],[-0.009,-1.215],[0,0]],"v":[[-0.006,-2.2],[1.721,-0.012],[0.015,2.201],[0.005,2.201],[-1.722,0.012],[-0.016,-2.2]],"c":true},"ix":2},"nm":"Path 2","mn":"ADBE Vector Shape - Group","hd":false},{"ty":"mm","mm":1,"nm":"Merge Paths 1","mn":"ADBE Vector Filter - Merge","hd":false},{"ty":"fl","c":{"a":0,"k":[0.426999978458,0.298000021542,0.255000005984,1],"ix":4},"o":{"a":0,"k":100,"ix":5},"r":1,"bm":0,"nm":"Fill 1","mn":"ADBE Vector Graphic - Fill","hd":false},{"ty":"tr","p":{"a":0,"k":[46.93,32.009],"ix":2},"a":{"a":0,"k":[0,0],"ix":1},"s":{"a":0,"k":[100,100],"ix":3},"r":{"a":0,"k":0,"ix":6},"o":{"a":0,"k":100,"ix":7},"sk":{"a":0,"k":0,"ix":4},"sa":{"a":0,"k":0,"ix":5},"nm":"Transform"}],"nm":"Group 28","np":6,"cix":2,"bm":0,"ix":28,"mn":"ADBE Vector Group","hd":false},{"ty":"gr","it":[{"ind":0,"ty":"sh","ix":1,"ks":{"a":0,"k":{"i":[[0,0],[3.54,-0.025],[0,0],[0,0],[0,0],[0,0],[0,0],[-0.586,0.004],[0,0],[-0.024,-3.54],[0,0],[0.001,0.07]],"o":[[-0.025,-3.54],[0,0],[0,0],[0,0],[0,0],[0,0],[-0.004,-0.587],[0,0],[3.54,-0.025],[0,0],[0.002,-0.069],[0,0]],"v":[[10.496,-0.618],[4.041,-6.982],[-10.504,-6.882],[-10.499,-6.124],[-10.407,7.008],[-8.387,6.993],[-8.472,-5.076],[-7.418,-6.146],[4.041,-6.225],[10.496,0.14],[10.499,0.66],[10.503,0.451]],"c":true},"ix":2},"nm":"Path 1","mn":"ADBE Vector Shape - Group","hd":false},{"ty":"fl","c":{"a":0,"k":[0.969000004787,0.741000007181,0.552999997606,1],"ix":4},"o":{"a":0,"k":100,"ix":5},"r":1,"bm":0,"nm":"Fill 1","mn":"ADBE Vector Graphic - Fill","hd":false},{"ty":"tr","p":{"a":0,"k":[43.929,32.053],"ix":2},"a":{"a":0,"k":[0,0],"ix":1},"s":{"a":0,"k":[100,100],"ix":3},"r":{"a":0,"k":0,"ix":6},"o":{"a":0,"k":100,"ix":7},"sk":{"a":0,"k":0,"ix":4},"sa":{"a":0,"k":0,"ix":5},"nm":"Transform"}],"nm":"Group 29","np":4,"cix":2,"bm":0,"ix":29,"mn":"ADBE Vector Group","hd":false},{"ty":"gr","it":[{"ind":0,"ty":"sh","ix":1,"ks":{"a":0,"k":{"i":[[2.038,0],[0,0],[0,0],[0,0],[0,0],[0,0],[0,0],[0,0],[0,0],[0,0],[0,0],[-1.439,1.459],[0.014,2.049],[0,0],[1.448,1.438]],"o":[[0,0],[0,0],[0,0],[0,0],[0,0],[0,0],[0,0],[0,0],[0,0],[0,0],[2.049,-0.015],[1.439,-1.459],[0,0],[-0.014,-2.04],[-1.446,-1.436]],"v":[[4.085,-8.262],[4.085,-7],[4.085,-8.262],[4.03,-8.262],[-10.516,-8.16],[-11.778,-8.152],[-11.769,-6.889],[-11.672,6.999],[-11.664,8.262],[-10.401,8.253],[4.145,8.152],[9.554,5.866],[11.764,0.425],[11.756,-0.643],[9.489,-6.035]],"c":true},"ix":2},"nm":"Path 1","mn":"ADBE Vector Shape - Group","hd":false},{"ind":1,"ty":"sh","ix":2,"ks":{"a":0,"k":{"i":[[-0.016,0],[-0.025,-3.525],[0,0],[3.54,-0.025],[0,0],[0,0],[0,0]],"o":[[3.519,0],[0,0],[0.025,3.54],[0,0],[0,0],[0,0],[0.015,-0.001]],"v":[[4.085,-7],[10.494,-0.634],[10.501,0.434],[4.136,6.889],[-10.41,6.99],[-10.507,-6.898],[4.039,-6.999]],"c":true},"ix":2},"nm":"Path 2","mn":"ADBE Vector Shape - Group","hd":false},{"ty":"mm","mm":1,"nm":"Merge Paths 1","mn":"ADBE Vector Filter - Merge","hd":false},{"ty":"fl","c":{"a":0,"k":[0.426999978458,0.298000021542,0.255000005984,1],"ix":4},"o":{"a":0,"k":100,"ix":5},"r":1,"bm":0,"nm":"Fill 1","mn":"ADBE Vector Graphic - Fill","hd":false},{"ty":"tr","p":{"a":0,"k":[43.931,32.07],"ix":2},"a":{"a":0,"k":[0,0],"ix":1},"s":{"a":0,"k":[100,100],"ix":3},"r":{"a":0,"k":0,"ix":6},"o":{"a":0,"k":100,"ix":7},"sk":{"a":0,"k":0,"ix":4},"sa":{"a":0,"k":0,"ix":5},"nm":"Transform"}],"nm":"Group 30","np":6,"cix":2,"bm":0,"ix":30,"mn":"ADBE Vector Group","hd":false},{"ty":"gr","it":[{"ind":0,"ty":"sh","ix":1,"ks":{"a":0,"k":{"i":[[0,0],[0,0],[-1.328,-1.318],[-0.014,-1.872],[0,0],[3.883,-0.027],[0,0]],"o":[[0,0],[1.871,0],[1.329,1.319],[0,0],[0.027,3.883],[0,0],[0,0]],"v":[[-11.151,-7.523],[4.076,-7.628],[9.036,-5.585],[11.117,-0.637],[11.124,0.432],[4.132,7.523],[-11.045,7.628]],"c":true},"ix":2},"nm":"Path 1","mn":"ADBE Vector Shape - Group","hd":false},{"ty":"fl","c":{"a":0,"k":[0.862999949736,0.463000009574,0.2,1],"ix":4},"o":{"a":0,"k":100,"ix":5},"r":1,"bm":0,"nm":"Fill 1","mn":"ADBE Vector Graphic - Fill","hd":false},{"ty":"tr","p":{"a":0,"k":[43.94,32.067],"ix":2},"a":{"a":0,"k":[0,0],"ix":1},"s":{"a":0,"k":[100,100],"ix":3},"r":{"a":0,"k":0,"ix":6},"o":{"a":0,"k":100,"ix":7},"sk":{"a":0,"k":0,"ix":4},"sa":{"a":0,"k":0,"ix":5},"nm":"Transform"}],"nm":"Group 31","np":4,"cix":2,"bm":0,"ix":31,"mn":"ADBE Vector Group","hd":false},{"ty":"gr","it":[{"ind":0,"ty":"sh","ix":1,"ks":{"a":0,"k":{"i":[[2.038,0],[0,0],[0,0],[0.018,0],[0,0],[0,0],[0,0],[0,0],[0,0],[0,0],[0,0],[-1.439,1.46],[0.014,2.049],[0,0],[1.447,1.437]],"o":[[0,0],[0,0],[-0.018,0],[0,0],[0,0],[0,0],[0,0],[0,0],[0,0],[0,0],[2.049,-0.015],[1.439,-1.459],[0,0],[-0.014,-2.04],[-1.447,-1.437]],"v":[[4.085,-8.262],[4.085,-6.999],[4.085,-8.262],[4.03,-8.262],[-10.515,-8.16],[-11.778,-8.151],[-11.769,-6.889],[-11.672,7],[-11.663,8.262],[-10.4,8.253],[4.145,8.152],[9.555,5.866],[11.764,0.426],[11.756,-0.642],[9.49,-6.034]],"c":true},"ix":2},"nm":"Path 1","mn":"ADBE Vector Shape - Group","hd":false},{"ind":1,"ty":"sh","ix":2,"ks":{"a":0,"k":{"i":[[0,0],[-0.025,-3.525],[0,0],[3.54,-0.025],[0,0],[0,0],[0,0]],"o":[[3.52,-0.001],[0,0],[0.024,3.54],[0,0],[0,0],[0,0],[0,0]],"v":[[4.085,-6.999],[10.494,-0.634],[10.502,0.434],[4.136,6.889],[-10.409,6.991],[-10.506,-6.898],[4.039,-6.999]],"c":true},"ix":2},"nm":"Path 2","mn":"ADBE Vector Shape - Group","hd":false},{"ty":"mm","mm":1,"nm":"Merge Paths 1","mn":"ADBE Vector Filter - Merge","hd":false},{"ty":"fl","c":{"a":0,"k":[0.426999978458,0.298000021542,0.255000005984,1],"ix":4},"o":{"a":0,"k":100,"ix":5},"r":1,"bm":0,"nm":"Fill 1","mn":"ADBE Vector Graphic - Fill","hd":false},{"ty":"tr","p":{"a":0,"k":[47.343,32.052],"ix":2},"a":{"a":0,"k":[0,0],"ix":1},"s":{"a":0,"k":[100,100],"ix":3},"r":{"a":0,"k":0,"ix":6},"o":{"a":0,"k":100,"ix":7},"sk":{"a":0,"k":0,"ix":4},"sa":{"a":0,"k":0,"ix":5},"nm":"Transform"}],"nm":"Group 32","np":6,"cix":2,"bm":0,"ix":32,"mn":"ADBE Vector Group","hd":false},{"ty":"gr","it":[{"ind":0,"ty":"sh","ix":1,"ks":{"a":0,"k":{"i":[[0,0],[0,0],[-1.328,-1.317],[-0.014,-1.872],[0,0],[1.321,-1.339],[1.881,-0.012],[0,0]],"o":[[0,0],[1.87,0],[1.329,1.319],[0,0],[0.013,1.881],[-1.32,1.34],[0,0],[0,0]],"v":[[-11.144,-7.523],[4.083,-7.628],[9.043,-5.585],[11.124,-0.637],[11.131,0.432],[9.103,5.424],[4.139,7.521],[-11.038,7.628]],"c":true},"ix":2},"nm":"Path 1","mn":"ADBE Vector Shape - Group","hd":false},{"ty":"fl","c":{"a":0,"k":[0.819999964097,0.505999995213,0.246999987434,1],"ix":4},"o":{"a":0,"k":100,"ix":5},"r":1,"bm":0,"nm":"Fill 1","mn":"ADBE Vector Graphic - Fill","hd":false},{"ty":"tr","p":{"a":0,"k":[47.345,32.051],"ix":2},"a":{"a":0,"k":[0,0],"ix":1},"s":{"a":0,"k":[100,100],"ix":3},"r":{"a":0,"k":0,"ix":6},"o":{"a":0,"k":100,"ix":7},"sk":{"a":0,"k":0,"ix":4},"sa":{"a":0,"k":0,"ix":5},"nm":"Transform"}],"nm":"Group 33","np":4,"cix":2,"bm":0,"ix":33,"mn":"ADBE Vector Group","hd":false},{"ty":"gr","it":[{"ind":0,"ty":"sh","ix":1,"ks":{"a":0,"k":{"i":[[0.008,1.178],[0,0],[-1.808,0.012],[0,0],[-0.012,0],[0,0],[-0.065,0],[0,0],[0.673,-0.005],[0,0],[0.064,-0.003],[0,0],[0.012,0],[0,0],[-0.014,-2.026],[0,0],[-1.808,0.012],[0,0]],"o":[[0,0],[-0.013,-2.026],[0,0],[0.012,0],[0,0],[0.064,-0.004],[0,0],[-0.41,-0.469],[0,0],[-0.065,0.001],[0,0],[-0.012,0],[0,0],[-1.808,0.011],[0,0],[0.013,2.025],[0,0],[-0.775,-0.665]],"v":[[-45.877,28.371],[-46.244,-26.206],[-42.994,-29.896],[-38.646,-29.924],[-38.611,-29.926],[-24.765,-30.017],[-24.573,-30.028],[48.53,-30.506],[46.843,-31.267],[-26.845,-30.786],[-27.037,-30.775],[-40.884,-30.684],[-40.919,-30.682],[-45.267,-30.653],[-48.516,-26.964],[-48.149,27.615],[-44.851,31.259],[-44.589,31.257]],"c":true},"ix":2},"nm":"Path 1","mn":"ADBE Vector Shape - Group","hd":false},{"ty":"fl","c":{"a":0,"k":[0.969000004787,0.741000007181,0.552999997606,1],"ix":4},"o":{"a":0,"k":100,"ix":5},"r":1,"bm":0,"nm":"Fill 1","mn":"ADBE Vector Graphic - Fill","hd":false},{"ty":"tr","p":{"a":0,"k":[81.807,33.284],"ix":2},"a":{"a":0,"k":[0,0],"ix":1},"s":{"a":0,"k":[100,100],"ix":3},"r":{"a":0,"k":0,"ix":6},"o":{"a":0,"k":100,"ix":7},"sk":{"a":0,"k":0,"ix":4},"sa":{"a":0,"k":0,"ix":5},"nm":"Transform"}],"nm":"Group 34","np":4,"cix":2,"bm":0,"ix":34,"mn":"ADBE Vector Group","hd":false},{"ty":"gr","it":[{"ind":0,"ty":"sh","ix":1,"ks":{"a":0,"k":{"i":[[0,0],[1.226,-0.007],[0,0],[-0.007,-1.028],[0,0],[6.631,-1.848],[39.892,1.511],[0,0],[0,0],[0,0],[0,0],[0.009,1.227]],"o":[[-0.009,-1.227],[0,0],[0.95,0.247],[0,0],[0.043,6.884],[-12.031,3.351],[0,0],[0,0],[0,0],[0,0],[1.227,-0.008],[0,0]],"v":[[48.709,-29.553],[46.473,-31.759],[35.178,-31.686],[36.84,-29.553],[37.081,8.467],[25.937,23.281],[-48.471,28.484],[-49.104,31.766],[39.148,31.766],[39.354,30.202],[46.887,30.154],[49.094,27.917]],"c":true},"ix":2},"nm":"Path 1","mn":"ADBE Vector Shape - Group","hd":false},{"ty":"fl","c":{"a":0,"k":[0.819999964097,0.505999995213,0.246999987434,1],"ix":4},"o":{"a":0,"k":100,"ix":5},"r":1,"bm":0,"nm":"Fill 1","mn":"ADBE Vector Graphic - Fill","hd":false},{"ty":"tr","p":{"a":0,"k":[82.178,33.777],"ix":2},"a":{"a":0,"k":[0,0],"ix":1},"s":{"a":0,"k":[100,100],"ix":3},"r":{"a":0,"k":0,"ix":6},"o":{"a":0,"k":100,"ix":7},"sk":{"a":0,"k":0,"ix":4},"sa":{"a":0,"k":0,"ix":5},"nm":"Transform"}],"nm":"Group 35","np":4,"cix":2,"bm":0,"ix":35,"mn":"ADBE Vector Group","hd":false},{"ty":"gr","it":[{"ind":0,"ty":"sh","ix":1,"ks":{"a":0,"k":{"i":[[0,0],[0.016,2.494],[0,0],[-0.757,0.86],[-1.13,0.007],[0,0],[-0.021,0.001],[0,0],[-0.01,0],[-0.074,0.001],[0,0],[-0.011,-1.701],[0,0],[0.582,-0.59],[0.83,-0.005],[0,0],[0,0],[0,0],[0.02,0]],"o":[[-2.278,0],[0,0],[-0.008,-1.196],[0.783,-0.889],[0,0],[0.021,-0.002],[0,0],[0.01,-0.001],[0.051,-0.004],[0,0],[1.701,0],[0,0],[0.006,0.83],[-0.583,0.591],[0,0],[0,0],[0,0],[-0.021,0.001],[0,0]],"v":[[-45.344,32.147],[-49.507,27.624],[-49.874,-26.955],[-48.712,-30.144],[-45.745,-31.533],[-41.426,-31.561],[-41.363,-31.564],[-27.543,-31.654],[-27.515,-31.656],[-27.325,-31.666],[46.384,-32.147],[49.49,-29.062],[49.876,28.407],[48.981,30.609],[46.79,31.533],[37.813,31.592],[37.813,31.601],[29.335,31.657],[29.272,31.659]],"c":true},"ix":2},"nm":"Path 1","mn":"ADBE Vector Shape - Group","hd":false},{"ty":"fl","c":{"a":0,"k":[0.922000002394,0.596000043084,0.305999995213,1],"ix":4},"o":{"a":0,"k":100,"ix":5},"r":1,"bm":0,"nm":"Fill 1","mn":"ADBE Vector Graphic - Fill","hd":false},{"ty":"tr","p":{"a":0,"k":[82.281,33.281],"ix":2},"a":{"a":0,"k":[0,0],"ix":1},"s":{"a":0,"k":[100,100],"ix":3},"r":{"a":0,"k":0,"ix":6},"o":{"a":0,"k":100,"ix":7},"sk":{"a":0,"k":0,"ix":4},"sa":{"a":0,"k":0,"ix":5},"nm":"Transform"}],"nm":"Group 36","np":4,"cix":2,"bm":0,"ix":36,"mn":"ADBE Vector Group","hd":false},{"ty":"gr","it":[{"ind":0,"ty":"sh","ix":1,"ks":{"a":0,"k":{"i":[[0,0],[0,0]],"o":[[0,0],[0,0]],"v":[[1.134,65.417],[164.505,65.417]],"c":false},"ix":2},"nm":"Path 1","mn":"ADBE Vector Shape - Group","hd":false},{"ty":"fl","c":{"a":0,"k":[0.961000031116,0.961000031116,0.961000031116,1],"ix":4},"o":{"a":0,"k":100,"ix":5},"r":1,"bm":0,"nm":"Fill 1","mn":"ADBE Vector Graphic - Fill","hd":false},{"ty":"tr","p":{"a":0,"k":[0,0],"ix":2},"a":{"a":0,"k":[0,0],"ix":1},"s":{"a":0,"k":[100,100],"ix":3},"r":{"a":0,"k":0,"ix":6},"o":{"a":0,"k":100,"ix":7},"sk":{"a":0,"k":0,"ix":4},"sa":{"a":0,"k":0,"ix":5},"nm":"Transform"}],"nm":"Group 37","np":4,"cix":2,"bm":0,"ix":37,"mn":"ADBE Vector Group","hd":false},{"ty":"gr","it":[{"ind":0,"ty":"sh","ix":1,"ks":{"a":0,"k":{"i":[[0,-1.549],[45.114,0],[0,1.549],[-45.114,0]],"o":[[0,1.549],[-45.114,0],[0,-1.549],[45.114,0]],"v":[[81.686,0.001],[0,2.805],[-81.686,0.001],[0,-2.805]],"c":true},"ix":2},"nm":"Path 1","mn":"ADBE Vector Shape - Group","hd":false},{"ty":"fl","c":{"a":0,"k":[0.827000038297,0.74900004069,0.728999956916,1],"ix":4},"o":{"a":0,"k":100,"ix":5},"r":1,"bm":0,"nm":"Fill 1","mn":"ADBE Vector Graphic - Fill","hd":false},{"ty":"tr","p":{"a":0,"k":[82.819,66.348],"ix":2},"a":{"a":0,"k":[0,0],"ix":1},"s":{"a":0,"k":[100,100],"ix":3},"r":{"a":0,"k":0,"ix":6},"o":{"a":0,"k":100,"ix":7},"sk":{"a":0,"k":0,"ix":4},"sa":{"a":0,"k":0,"ix":5},"nm":"Transform"}],"nm":"Group 38","np":4,"cix":2,"bm":0,"ix":38,"mn":"ADBE Vector Group","hd":false}],"ip":0,"op":900.000036657751,"st":0,"bm":0},{"ddd":0,"ind":2,"ty":4,"nm":"Mony 1/Wallet money Outlines 2","sr":1,"ks":{"o":{"a":1,"k":[{"i":{"x":[0.667],"y":[1]},"o":{"x":[0.333],"y":[0]},"t":29,"s":[0]},{"t":36.0000014663101,"s":[100]}],"ix":11},"r":{"a":0,"k":0,"ix":10},"p":{"a":1,"k":[{"i":{"x":0.667,"y":1},"o":{"x":0.333,"y":0},"t":32,"s":[150,138.5,0],"to":[0,17.167,0],"ti":[0,-17.167,0]},{"t":61.0000024845809,"s":[150,241.5,0]}],"ix":2},"a":{"a":0,"k":[43.5,43,0],"ix":1},"s":{"a":0,"k":[100,100,100],"ix":6}},"ao":0,"shapes":[{"ty":"gr","it":[{"ind":0,"ty":"sh","ix":1,"ks":{"a":0,"k":{"i":[[0,0],[0,0],[0,0],[-0.155,0.172],[-0.096,0.167],[0,0],[0,0],[0,0],[0,0],[0,0],[0.144,-0.174],[0.256,-0.157],[0,0],[0,0],[0,0],[0.315,0.043],[0.289,0.158],[0.234,0.267],[0.138,0.328],[0,0],[0,0],[0,0],[-0.12,0.21],[-0.086,0.164],[-0.076,0.16],[0,0],[-0.019,-0.132],[-0.063,-0.178],[-0.325,-0.224],[-0.333,0.063]],"o":[[0,0],[0,0],[0.219,-0.134],[0.156,-0.172],[0,0],[0,0],[0,0],[0,0],[0,0],[-0.087,0.131],[-0.144,0.174],[0,0],[0,0],[0,0],[-0.319,0.102],[-0.316,-0.044],[-0.29,-0.158],[-0.234,-0.267],[0,0],[0,0],[0,0],[0.147,-0.241],[0.12,-0.209],[0.099,-0.191],[0,0],[-0.001,0.156],[0.019,0.132],[0.189,0.532],[0.323,0.225],[0,0]],"v":[[-0.471,-2.682],[0.624,-3.07],[1.781,0.186],[2.342,-0.272],[2.721,-0.781],[1.712,-3.622],[2.956,-4.064],[5.267,2.448],[4.023,2.889],[3.277,0.788],[2.93,1.244],[2.331,1.74],[2.831,3.146],[1.736,3.534],[1.284,2.262],[0.332,2.35],[-0.575,2.047],[-1.361,1.409],[-1.919,0.516],[-3.843,4.064],[-5.267,3.104],[-3.305,-0.009],[-2.904,-0.686],[-2.594,-1.244],[-2.33,-1.771],[-1.211,-1.669],[-1.183,-1.238],[-1.06,-0.772],[-0.29,0.362],[0.695,0.604]],"c":true},"ix":2},"nm":"Path 1","mn":"ADBE Vector Shape - Group","hd":false},{"ty":"fl","c":{"a":0,"k":[0.426999978458,0.298000021542,0.255000005984,1],"ix":4},"o":{"a":0,"k":100,"ix":5},"r":1,"bm":0,"nm":"Fill 1","mn":"ADBE Vector Graphic - Fill","hd":false},{"ty":"tr","p":{"a":0,"k":[29.318,39.905],"ix":2},"a":{"a":0,"k":[0,0],"ix":1},"s":{"a":0,"k":[100,100],"ix":3},"r":{"a":0,"k":0,"ix":6},"o":{"a":0,"k":100,"ix":7},"sk":{"a":0,"k":0,"ix":4},"sa":{"a":0,"k":0,"ix":5},"nm":"Transform"}],"nm":"Group 1","np":4,"cix":2,"bm":0,"ix":1,"mn":"ADBE Vector Group","hd":false},{"ty":"gr","it":[{"ind":0,"ty":"sh","ix":1,"ks":{"a":0,"k":{"i":[[1.049,0],[0.901,-0.263],[1.018,-0.831],[0.611,-1.118],[0.146,-1.26],[-0.372,-1.27],[-1.737,-1.282],[-0.983,-0.328],[-1.049,0],[-0.9,0.263],[-1.018,0.831],[-0.611,1.117],[-0.146,1.259],[0.371,1.27],[1.736,1.282],[0.984,0.328]],"o":[[-0.931,0],[-1.271,0.373],[-0.982,0.803],[-0.611,1.117],[-0.151,1.305],[0.608,2.076],[0.834,0.616],[0.999,0.332],[0.931,0],[1.27,-0.372],[0.982,-0.803],[0.611,-1.118],[0.151,-1.306],[-0.609,-2.076],[-0.835,-0.616],[-0.998,-0.332]],"v":[[0.004,-9.811],[-2.756,-9.413],[-6.204,-7.6],[-8.605,-4.706],[-9.746,-1.124],[-9.413,2.757],[-5.829,7.889],[-3.09,9.311],[-0.004,9.811],[2.756,9.414],[6.204,7.601],[8.605,4.708],[9.746,1.126],[9.414,-2.756],[5.83,-7.888],[3.089,-9.311]],"c":true},"ix":2},"nm":"Path 1","mn":"ADBE Vector Shape - Group","hd":false},{"ind":1,"ty":"sh","ix":2,"ks":{"a":0,"k":{"i":[[-0.795,0],[-1.092,-3.728],[4.53,-1.326],[0.796,0],[1.092,3.728],[-4.529,1.327]],"o":[[3.697,0],[1.326,4.529],[-0.801,0.235],[-3.697,0],[-1.326,-4.529],[0.802,-0.234]],"v":[[0.004,-8.548],[8.202,-2.401],[2.401,8.202],[-0.004,8.549],[-8.202,2.402],[-2.402,-8.201]],"c":true},"ix":2},"nm":"Path 2","mn":"ADBE Vector Shape - Group","hd":false},{"ty":"mm","mm":1,"nm":"Merge Paths 1","mn":"ADBE Vector Filter - Merge","hd":false},{"ty":"fl","c":{"a":0,"k":[0.426999978458,0.298000021542,0.255000005984,1],"ix":4},"o":{"a":0,"k":100,"ix":5},"r":1,"bm":0,"nm":"Fill 1","mn":"ADBE Vector Graphic - Fill","hd":false},{"ty":"tr","p":{"a":0,"k":[29.204,40.399],"ix":2},"a":{"a":0,"k":[0,0],"ix":1},"s":{"a":0,"k":[100,100],"ix":3},"r":{"a":0,"k":0,"ix":6},"o":{"a":0,"k":100,"ix":7},"sk":{"a":0,"k":0,"ix":4},"sa":{"a":0,"k":0,"ix":5},"nm":"Transform"}],"nm":"Group 2","np":6,"cix":2,"bm":0,"ix":2,"mn":"ADBE Vector Group","hd":false},{"ty":"gr","it":[{"ind":0,"ty":"sh","ix":1,"ks":{"a":0,"k":{"i":[[0.871,0],[1.572,1.159],[0.569,1.942],[-4.857,1.422],[-0.871,0],[-1.571,-1.16],[-0.568,-1.943],[1.177,-2.151],[2.353,-0.689]],"o":[[-1.943,0],[-1.624,-1.2],[-1.422,-4.857],[0.843,-0.247],[1.943,0],[1.625,1.199],[0.689,2.352],[-1.177,2.15],[-0.843,0.247]],"v":[[0.363,9.179],[-5.088,7.381],[-8.441,2.579],[-2.212,-8.807],[0.371,-9.179],[5.821,-7.381],[9.174,-2.579],[8.418,4.404],[2.946,8.807]],"c":true},"ix":2},"nm":"Path 1","mn":"ADBE Vector Shape - Group","hd":false},{"ty":"fl","c":{"a":0,"k":[0.180000005984,0.8,0.442999985639,1],"ix":4},"o":{"a":0,"k":100,"ix":5},"r":1,"bm":0,"nm":"Fill 1","mn":"ADBE Vector Graphic - Fill","hd":false},{"ty":"tr","p":{"a":0,"k":[28.837,40.399],"ix":2},"a":{"a":0,"k":[0,0],"ix":1},"s":{"a":0,"k":[100,100],"ix":3},"r":{"a":0,"k":0,"ix":6},"o":{"a":0,"k":100,"ix":7},"sk":{"a":0,"k":0,"ix":4},"sa":{"a":0,"k":0,"ix":5},"nm":"Transform"}],"nm":"Group 3","np":4,"cix":2,"bm":0,"ix":3,"mn":"ADBE Vector Group","hd":false},{"ty":"gr","it":[{"ind":0,"ty":"sh","ix":1,"ks":{"a":0,"k":{"i":[[1.373,4.688],[0,0],[0,0],[3.92,-1.351],[0,0]],"o":[[0,0],[0,0],[1.177,4.02],[0,0],[4.588,-1.547]],"v":[[2.397,-5.58],[2.397,-5.58],[1.186,-5.225],[-3.77,4.368],[-3.415,5.58]],"c":true},"ix":2},"nm":"Path 1","mn":"ADBE Vector Shape - Group","hd":false},{"ty":"fl","c":{"a":0,"k":[0.426999978458,0.298000021542,0.255000005984,1],"ix":4},"o":{"a":0,"k":100,"ix":5},"r":1,"bm":0,"nm":"Fill 1","mn":"ADBE Vector Graphic - Fill","hd":false},{"ty":"tr","p":{"a":0,"k":[12.54,17.441],"ix":2},"a":{"a":0,"k":[0,0],"ix":1},"s":{"a":0,"k":[100,100],"ix":3},"r":{"a":0,"k":0,"ix":6},"o":{"a":0,"k":100,"ix":7},"sk":{"a":0,"k":0,"ix":4},"sa":{"a":0,"k":0,"ix":5},"nm":"Transform"}],"nm":"Group 4","np":4,"cix":2,"bm":0,"ix":4,"mn":"ADBE Vector Group","hd":false},{"ty":"gr","it":[{"ind":0,"ty":"sh","ix":1,"ks":{"a":0,"k":{"i":[[1.177,4.02],[0,0],[0,0],[0,0]],"o":[[0,0],[0,0],[0,0],[3.921,-1.351]],"v":[[2.987,-4.797],[2.987,-4.797],[-4.164,-2.702],[-1.969,4.797]],"c":true},"ix":2},"nm":"Path 1","mn":"ADBE Vector Shape - Group","hd":false},{"ty":"fl","c":{"a":0,"k":[0.180000005984,0.8,0.442999985639,1],"ix":4},"o":{"a":0,"k":100,"ix":5},"r":1,"bm":0,"nm":"Fill 1","mn":"ADBE Vector Graphic - Fill","hd":false},{"ty":"tr","p":{"a":0,"k":[10.739,17.013],"ix":2},"a":{"a":0,"k":[0,0],"ix":1},"s":{"a":0,"k":[100,100],"ix":3},"r":{"a":0,"k":0,"ix":6},"o":{"a":0,"k":100,"ix":7},"sk":{"a":0,"k":0,"ix":4},"sa":{"a":0,"k":0,"ix":5},"nm":"Transform"}],"nm":"Group 5","np":4,"cix":2,"bm":0,"ix":5,"mn":"ADBE Vector Group","hd":false},{"ty":"gr","it":[{"ind":0,"ty":"sh","ix":1,"ks":{"a":0,"k":{"i":[[0,0],[-2.129,-1.164],[-1.503,0],[-0.73,0.182],[0,0],[1.724,0.943],[0.588,2.005]],"o":[[0.682,2.329],[1.356,0.742],[0.737,-0.001],[0,0],[-1.897,0.461],[-1.833,-1.003],[0,0]],"v":[[-5.457,-3.091],[-1.098,2.326],[3.249,3.446],[5.457,3.172],[5.102,1.959],[-0.492,1.219],[-4.246,-3.446]],"c":true},"ix":2},"nm":"Path 1","mn":"ADBE Vector Shape - Group","hd":false},{"ty":"fl","c":{"a":0,"k":[0.426999978458,0.298000021542,0.255000005984,1],"ix":4},"o":{"a":0,"k":100,"ix":5},"r":1,"bm":0,"nm":"Fill 1","mn":"ADBE Vector Graphic - Fill","hd":false},{"ty":"tr","p":{"a":0,"k":[31.282,11.764],"ix":2},"a":{"a":0,"k":[0,0],"ix":1},"s":{"a":0,"k":[100,100],"ix":3},"r":{"a":0,"k":0,"ix":6},"o":{"a":0,"k":100,"ix":7},"sk":{"a":0,"k":0,"ix":4},"sa":{"a":0,"k":0,"ix":5},"nm":"Transform"}],"nm":"Group 6","np":4,"cix":2,"bm":0,"ix":6,"mn":"ADBE Vector Group","hd":false},{"ty":"gr","it":[{"ind":0,"ty":"sh","ix":1,"ks":{"a":0,"k":{"i":[[-1.833,-1.003],[-1.897,0.461],[0,0],[0,0]],"o":[[1.725,0.943],[0,0],[0,0],[0.587,2.005]],"v":[[-0.921,2.779],[4.674,3.519],[2.478,-3.98],[-4.674,-1.886]],"c":true},"ix":2},"nm":"Path 1","mn":"ADBE Vector Shape - Group","hd":false},{"ty":"fl","c":{"a":0,"k":[0.180000005984,0.8,0.442999985639,1],"ix":4},"o":{"a":0,"k":100,"ix":5},"r":1,"bm":0,"nm":"Fill 1","mn":"ADBE Vector Graphic - Fill","hd":false},{"ty":"tr","p":{"a":0,"k":[31.71,10.204],"ix":2},"a":{"a":0,"k":[0,0],"ix":1},"s":{"a":0,"k":[100,100],"ix":3},"r":{"a":0,"k":0,"ix":6},"o":{"a":0,"k":100,"ix":7},"sk":{"a":0,"k":0,"ix":4},"sa":{"a":0,"k":0,"ix":5},"nm":"Transform"}],"nm":"Group 7","np":4,"cix":2,"bm":0,"ix":7,"mn":"ADBE Vector Group","hd":false},{"ty":"gr","it":[{"ind":0,"ty":"sh","ix":1,"ks":{"a":0,"k":{"i":[[2.129,1.165],[2.222,-0.555],[0,0],[-0.617,0],[-1.168,-0.639],[-0.587,-2.005],[0,0]],"o":[[-2.02,-1.105],[0,0],[0.612,-0.149],[1.295,0],[1.833,1.002],[0,0],[-0.682,-2.329]],"v":[[1.098,-2.186],[-5.457,-3.031],[-5.101,-1.817],[-3.251,-2.041],[0.493,-1.078],[4.246,3.586],[5.457,3.232]],"c":true},"ix":2},"nm":"Path 1","mn":"ADBE Vector Shape - Group","hd":false},{"ty":"fl","c":{"a":0,"k":[0.426999978458,0.298000021542,0.255000005984,1],"ix":4},"o":{"a":0,"k":100,"ix":5},"r":1,"bm":0,"nm":"Fill 1","mn":"ADBE Vector Graphic - Fill","hd":false},{"ty":"tr","p":{"a":0,"k":[27.518,70.232],"ix":2},"a":{"a":0,"k":[0,0],"ix":1},"s":{"a":0,"k":[100,100],"ix":3},"r":{"a":0,"k":0,"ix":6},"o":{"a":0,"k":100,"ix":7},"sk":{"a":0,"k":0,"ix":4},"sa":{"a":0,"k":0,"ix":5},"nm":"Transform"}],"nm":"Group 8","np":4,"cix":2,"bm":0,"ix":8,"mn":"ADBE Vector Group","hd":false},{"ty":"gr","it":[{"ind":0,"ty":"sh","ix":1,"ks":{"a":0,"k":{"i":[[1.833,1.002],[1.295,0],[0.613,-0.149],[0,0],[0,0]],"o":[[-1.167,-0.639],[-0.617,0],[0,0],[0,0],[-0.587,-2.006]],"v":[[0.921,-2.898],[-2.824,-3.861],[-4.674,-3.637],[-2.478,3.861],[4.674,1.767]],"c":true},"ix":2},"nm":"Path 1","mn":"ADBE Vector Shape - Group","hd":false},{"ty":"fl","c":{"a":0,"k":[0.180000005984,0.8,0.442999985639,1],"ix":4},"o":{"a":0,"k":100,"ix":5},"r":1,"bm":0,"nm":"Fill 1","mn":"ADBE Vector Graphic - Fill","hd":false},{"ty":"tr","p":{"a":0,"k":[27.09,72.052],"ix":2},"a":{"a":0,"k":[0,0],"ix":1},"s":{"a":0,"k":[100,100],"ix":3},"r":{"a":0,"k":0,"ix":6},"o":{"a":0,"k":100,"ix":7},"sk":{"a":0,"k":0,"ix":4},"sa":{"a":0,"k":0,"ix":5},"nm":"Transform"}],"nm":"Group 9","np":4,"cix":2,"bm":0,"ix":9,"mn":"ADBE Vector Group","hd":false},{"ty":"gr","it":[{"ind":0,"ty":"sh","ix":1,"ks":{"a":0,"k":{"i":[[0,0],[-3.92,1.35],[0,0],[-1.373,-4.689]],"o":[[-1.178,-4.021],[0,0],[-4.589,1.548],[0,0]],"v":[[-1.185,5.225],[3.77,-4.367],[3.416,-5.581],[-2.397,5.581]],"c":true},"ix":2},"nm":"Path 1","mn":"ADBE Vector Shape - Group","hd":false},{"ty":"fl","c":{"a":0,"k":[0.426999978458,0.298000021542,0.255000005984,1],"ix":4},"o":{"a":0,"k":100,"ix":5},"r":1,"bm":0,"nm":"Fill 1","mn":"ADBE Vector Graphic - Fill","hd":false},{"ty":"tr","p":{"a":0,"k":[46.26,64.695],"ix":2},"a":{"a":0,"k":[0,0],"ix":1},"s":{"a":0,"k":[100,100],"ix":3},"r":{"a":0,"k":0,"ix":6},"o":{"a":0,"k":100,"ix":7},"sk":{"a":0,"k":0,"ix":4},"sa":{"a":0,"k":0,"ix":5},"nm":"Transform"}],"nm":"Group 10","np":4,"cix":2,"bm":0,"ix":10,"mn":"ADBE Vector Group","hd":false},{"ty":"gr","it":[{"ind":0,"ty":"sh","ix":1,"ks":{"a":0,"k":{"i":[[-1.178,-4.021],[0,0],[0,0]],"o":[[0,0],[0,0],[-3.92,1.35]],"v":[[-2.986,4.796],[4.165,2.702],[1.969,-4.796]],"c":true},"ix":2},"nm":"Path 1","mn":"ADBE Vector Shape - Group","hd":false},{"ty":"fl","c":{"a":0,"k":[0.180000005984,0.8,0.442999985639,1],"ix":4},"o":{"a":0,"k":100,"ix":5},"r":1,"bm":0,"nm":"Fill 1","mn":"ADBE Vector Graphic - Fill","hd":false},{"ty":"tr","p":{"a":0,"k":[48.061,65.124],"ix":2},"a":{"a":0,"k":[0,0],"ix":1},"s":{"a":0,"k":[100,100],"ix":3},"r":{"a":0,"k":0,"ix":6},"o":{"a":0,"k":100,"ix":7},"sk":{"a":0,"k":0,"ix":4},"sa":{"a":0,"k":0,"ix":5},"nm":"Transform"}],"nm":"Group 11","np":4,"cix":2,"bm":0,"ix":11,"mn":"ADBE Vector Group","hd":false},{"ty":"gr","it":[{"ind":0,"ty":"sh","ix":1,"ks":{"a":0,"k":{"i":[[0.546,0],[0.118,-0.034],[0,0],[0.16,-0.294],[-0.094,-0.322],[0,0],[-0.546,0],[-0.119,0.034],[0,0],[-0.16,0.294],[0.093,0.321],[0,0]],"o":[[-0.118,0],[0,0],[-0.322,0.094],[-0.161,0.294],[0,0],[0.162,0.55],[0.118,0],[0,0],[0.321,-0.094],[0.161,-0.294],[0,0],[-0.161,-0.551]],"v":[[4.789,-36.107],[4.434,-36.056],[-23.18,-27.97],[-23.933,-27.364],[-24.037,-26.403],[-5.999,35.199],[-4.788,36.107],[-4.432,36.056],[23.181,27.97],[23.934,27.364],[24.039,26.404],[5.999,-35.199]],"c":true},"ix":2},"nm":"Path 1","mn":"ADBE Vector Shape - Group","hd":false},{"ind":1,"ty":"sh","ix":2,"ks":{"a":0,"k":{"i":[[0,0],[0,0],[0,0],[0,0]],"o":[[0,0],[0,0],[0,0],[0,0]],"v":[[4.788,-34.844],[22.827,26.758],[-4.787,34.844],[-22.826,-26.758]],"c":true},"ix":2},"nm":"Path 2","mn":"ADBE Vector Shape - Group","hd":false},{"ty":"mm","mm":1,"nm":"Merge Paths 1","mn":"ADBE Vector Filter - Merge","hd":false},{"ty":"fl","c":{"a":0,"k":[0.426999978458,0.298000021542,0.255000005984,1],"ix":4},"o":{"a":0,"k":100,"ix":5},"r":1,"bm":0,"nm":"Fill 1","mn":"ADBE Vector Graphic - Fill","hd":false},{"ty":"tr","p":{"a":0,"k":[29.4,41.068],"ix":2},"a":{"a":0,"k":[0,0],"ix":1},"s":{"a":0,"k":[100,100],"ix":3},"r":{"a":0,"k":0,"ix":6},"o":{"a":0,"k":100,"ix":7},"sk":{"a":0,"k":0,"ix":4},"sa":{"a":0,"k":0,"ix":5},"nm":"Transform"}],"nm":"Group 12","np":6,"cix":2,"bm":0,"ix":12,"mn":"ADBE Vector Group","hd":false},{"ty":"gr","it":[{"ind":0,"ty":"sh","ix":1,"ks":{"a":0,"k":{"i":[[0.06,0],[0.094,0.052],[0.046,0.161],[0,0],[-0.334,0.097],[0,0],[-0.059,0],[-0.093,-0.051],[-0.047,-0.161],[0,0],[0.081,-0.147],[0.16,-0.047],[0,0]],"o":[[-0.105,0],[-0.147,-0.08],[0,0],[-0.098,-0.335],[0,0],[0.058,-0.017],[0.105,0],[0.147,0.08],[0,0],[0.048,0.161],[-0.08,0.146],[0,0],[-0.058,0.017]],"v":[[-4.762,35.475],[-5.066,35.398],[-5.368,35.022],[-23.407,-26.581],[-22.979,-27.363],[4.635,-35.449],[4.813,-35.475],[5.115,-35.397],[5.419,-35.021],[23.456,26.581],[23.404,27.062],[23.029,27.365],[-4.585,35.451]],"c":true},"ix":2},"nm":"Path 1","mn":"ADBE Vector Shape - Group","hd":false},{"ty":"fl","c":{"a":0,"k":[0.980000035903,0.980000035903,0.980000035903,1],"ix":4},"o":{"a":0,"k":100,"ix":5},"r":1,"bm":0,"nm":"Fill 1","mn":"ADBE Vector Graphic - Fill","hd":false},{"ty":"tr","p":{"a":0,"k":[29.375,41.068],"ix":2},"a":{"a":0,"k":[0,0],"ix":1},"s":{"a":0,"k":[100,100],"ix":3},"r":{"a":0,"k":0,"ix":6},"o":{"a":0,"k":100,"ix":7},"sk":{"a":0,"k":0,"ix":4},"sa":{"a":0,"k":0,"ix":5},"nm":"Transform"}],"nm":"Group 13","np":4,"cix":2,"bm":0,"ix":13,"mn":"ADBE Vector Group","hd":false},{"ty":"gr","it":[{"ind":0,"ty":"sh","ix":1,"ks":{"a":0,"k":{"i":[[0.143,0.487],[0,0],[0.597,-0.176],[0,0],[-0.034,-0.517],[-0.111,0.032],[0,0],[-0.176,-0.599],[0,0],[-0.005,-0.081]],"o":[[0,0],[-0.176,-0.598],[0,0],[-0.517,0.152],[0.092,-0.062],[0,0],[0.597,-0.175],[0,0],[0.024,0.081],[0.402,-0.266]],"v":[[27.286,33.141],[7.748,-33.584],[6.348,-34.349],[-26.522,-24.725],[-27.329,-23.568],[-27.027,-23.714],[5.843,-33.339],[7.243,-32.573],[26.781,34.151],[26.822,34.395]],"c":true},"ix":2},"nm":"Path 1","mn":"ADBE Vector Shape - Group","hd":false},{"ty":"fl","c":{"a":0,"k":[1,1,1,1],"ix":4},"o":{"a":0,"k":100,"ix":5},"r":1,"bm":0,"nm":"Fill 1","mn":"ADBE Vector Graphic - Fill","hd":false},{"ty":"tr","p":{"a":0,"k":[29.401,36.16],"ix":2},"a":{"a":0,"k":[0,0],"ix":1},"s":{"a":0,"k":[100,100],"ix":3},"r":{"a":0,"k":0,"ix":6},"o":{"a":0,"k":100,"ix":7},"sk":{"a":0,"k":0,"ix":4},"sa":{"a":0,"k":0,"ix":5},"nm":"Transform"}],"nm":"Group 14","np":4,"cix":2,"bm":0,"ix":14,"mn":"ADBE Vector Group","hd":false},{"ty":"gr","it":[{"ind":0,"ty":"sh","ix":1,"ks":{"a":0,"k":{"i":[[0.561,0],[0.242,-0.071],[0,0],[-0.409,-1.399],[0,0],[-0.468,-0.346],[-0.56,0],[-0.243,0.071],[0,0],[0.409,1.399],[0,0],[0.469,0.346]],"o":[[-0.251,0],[0,0],[-1.399,0.41],[0,0],[0.163,0.559],[0.452,0.333],[0.251,0],[0,0],[1.399,-0.409],[0,0],[-0.164,-0.559],[-0.452,-0.333]],"v":[[6.666,-40.819],[5.923,-40.711],[-26.946,-31.087],[-28.741,-27.806],[-9.202,38.918],[-8.236,40.302],[-6.666,40.819],[-5.922,40.711],[26.947,31.086],[28.741,27.806],[9.203,-38.918],[8.236,-40.301]],"c":true},"ix":2},"nm":"Path 1","mn":"ADBE Vector Shape - Group","hd":false},{"ind":1,"ty":"sh","ix":2,"ks":{"a":0,"k":{"i":[[-0.104,0],[-0.145,-0.493],[0,0],[0.598,-0.175],[0,0],[0.105,0],[0.145,0.493],[0,0],[-0.598,0.175],[0,0]],"o":[[0.488,0],[0,0],[0.175,0.598],[0,0],[-0.106,0.031],[-0.488,0],[0,0],[-0.175,-0.598],[0,0],[0.105,-0.031]],"v":[[6.666,-39.303],[7.749,-38.491],[27.287,28.233],[26.521,29.633],[-6.348,39.258],[-6.666,39.303],[-7.749,38.491],[-27.287,-28.232],[-26.521,-29.633],[6.349,-39.258]],"c":true},"ix":2},"nm":"Path 2","mn":"ADBE Vector Shape - Group","hd":false},{"ty":"mm","mm":1,"nm":"Merge Paths 1","mn":"ADBE Vector Filter - Merge","hd":false},{"ty":"fl","c":{"a":0,"k":[0.426999978458,0.298000021542,0.255000005984,1],"ix":4},"o":{"a":0,"k":100,"ix":5},"r":1,"bm":0,"nm":"Fill 1","mn":"ADBE Vector Graphic - Fill","hd":false},{"ty":"tr","p":{"a":0,"k":[29.4,41.068],"ix":2},"a":{"a":0,"k":[0,0],"ix":1},"s":{"a":0,"k":[100,100],"ix":3},"r":{"a":0,"k":0,"ix":6},"o":{"a":0,"k":100,"ix":7},"sk":{"a":0,"k":0,"ix":4},"sa":{"a":0,"k":0,"ix":5},"nm":"Transform"}],"nm":"Group 15","np":6,"cix":2,"bm":0,"ix":15,"mn":"ADBE Vector Group","hd":false},{"ty":"gr","it":[{"ind":0,"ty":"sh","ix":1,"ks":{"a":0,"k":{"i":[[0.179,0],[0.233,0.798],[0,0],[-0.998,0.293],[0,0],[-0.179,0],[-0.234,-0.798],[0,0],[0.243,-0.442],[0.484,-0.142],[0,0]],"o":[[-0.832,0],[0,0],[-0.292,-0.998],[0,0],[0.173,-0.051],[0.832,0],[0,0],[0.141,0.483],[-0.241,0.442],[0,0],[-0.173,0.051]],"v":[[-6.59,40.061],[-8.4,38.705],[-27.939,-28.02],[-26.658,-30.36],[6.211,-39.984],[6.741,-40.061],[8.551,-38.705],[28.089,28.02],[27.933,29.455],[26.809,30.36],[-6.06,39.985]],"c":true},"ix":2},"nm":"Path 1","mn":"ADBE Vector Shape - Group","hd":false},{"ty":"fl","c":{"a":0,"k":[0.180000005984,0.8,0.442999985639,1],"ix":4},"o":{"a":0,"k":100,"ix":5},"r":1,"bm":0,"nm":"Fill 1","mn":"ADBE Vector Graphic - Fill","hd":false},{"ty":"tr","p":{"a":0,"k":[29.325,41.068],"ix":2},"a":{"a":0,"k":[0,0],"ix":1},"s":{"a":0,"k":[100,100],"ix":3},"r":{"a":0,"k":0,"ix":6},"o":{"a":0,"k":100,"ix":7},"sk":{"a":0,"k":0,"ix":4},"sa":{"a":0,"k":0,"ix":5},"nm":"Transform"}],"nm":"Group 16","np":4,"cix":2,"bm":0,"ix":16,"mn":"ADBE Vector Group","hd":false}],"ip":0,"op":900.000036657751,"st":0,"bm":0},{"ddd":0,"ind":3,"ty":4,"nm":"Mony 1/Wallet money Outlines","sr":1,"ks":{"o":{"a":1,"k":[{"i":{"x":[0.667],"y":[1]},"o":{"x":[0.333],"y":[0]},"t":38,"s":[0]},{"t":45.0000018328876,"s":[100]}],"ix":11},"r":{"a":0,"k":0,"ix":10},"p":{"a":1,"k":[{"i":{"x":0.667,"y":1},"o":{"x":0.333,"y":0},"t":43,"s":[160,117.5,0],"to":[0,20.667,0],"ti":[0,-20.667,0]},{"t":61.0000024845809,"s":[160,241.5,0]}],"ix":2},"a":{"a":0,"k":[29.5,41.5,0],"ix":1},"s":{"a":0,"k":[100,100,100],"ix":6}},"ao":0,"shapes":[{"ty":"gr","it":[{"ind":0,"ty":"sh","ix":1,"ks":{"a":0,"k":{"i":[[0,0],[0,0],[0,0],[-0.155,0.172],[-0.096,0.167],[0,0],[0,0],[0,0],[0,0],[0,0],[0.144,-0.174],[0.256,-0.157],[0,0],[0,0],[0,0],[0.315,0.043],[0.289,0.158],[0.234,0.267],[0.138,0.328],[0,0],[0,0],[0,0],[-0.12,0.21],[-0.086,0.164],[-0.076,0.16],[0,0],[-0.019,-0.132],[-0.063,-0.178],[-0.325,-0.224],[-0.333,0.063]],"o":[[0,0],[0,0],[0.219,-0.134],[0.156,-0.172],[0,0],[0,0],[0,0],[0,0],[0,0],[-0.087,0.131],[-0.144,0.174],[0,0],[0,0],[0,0],[-0.319,0.102],[-0.316,-0.044],[-0.29,-0.158],[-0.234,-0.267],[0,0],[0,0],[0,0],[0.147,-0.241],[0.12,-0.209],[0.099,-0.191],[0,0],[-0.001,0.156],[0.019,0.132],[0.189,0.532],[0.323,0.225],[0,0]],"v":[[-0.471,-2.682],[0.624,-3.07],[1.781,0.186],[2.342,-0.272],[2.721,-0.781],[1.712,-3.622],[2.956,-4.064],[5.267,2.448],[4.023,2.889],[3.277,0.788],[2.93,1.244],[2.331,1.74],[2.831,3.146],[1.736,3.534],[1.284,2.262],[0.332,2.35],[-0.575,2.047],[-1.361,1.409],[-1.919,0.516],[-3.843,4.064],[-5.267,3.104],[-3.305,-0.009],[-2.904,-0.686],[-2.594,-1.244],[-2.33,-1.771],[-1.211,-1.669],[-1.183,-1.238],[-1.06,-0.772],[-0.29,0.362],[0.695,0.604]],"c":true},"ix":2},"nm":"Path 1","mn":"ADBE Vector Shape - Group","hd":false},{"ty":"fl","c":{"a":0,"k":[0.426999978458,0.298000021542,0.255000005984,1],"ix":4},"o":{"a":0,"k":100,"ix":5},"r":1,"bm":0,"nm":"Fill 1","mn":"ADBE Vector Graphic - Fill","hd":false},{"ty":"tr","p":{"a":0,"k":[29.318,39.905],"ix":2},"a":{"a":0,"k":[0,0],"ix":1},"s":{"a":0,"k":[100,100],"ix":3},"r":{"a":0,"k":0,"ix":6},"o":{"a":0,"k":100,"ix":7},"sk":{"a":0,"k":0,"ix":4},"sa":{"a":0,"k":0,"ix":5},"nm":"Transform"}],"nm":"Group 1","np":4,"cix":2,"bm":0,"ix":1,"mn":"ADBE Vector Group","hd":false},{"ty":"gr","it":[{"ind":0,"ty":"sh","ix":1,"ks":{"a":0,"k":{"i":[[1.049,0],[0.901,-0.263],[1.018,-0.831],[0.611,-1.118],[0.146,-1.26],[-0.372,-1.27],[-1.737,-1.282],[-0.983,-0.328],[-1.049,0],[-0.9,0.263],[-1.018,0.831],[-0.611,1.117],[-0.146,1.259],[0.371,1.27],[1.736,1.282],[0.984,0.328]],"o":[[-0.931,0],[-1.271,0.373],[-0.982,0.803],[-0.611,1.117],[-0.151,1.305],[0.608,2.076],[0.834,0.616],[0.999,0.332],[0.931,0],[1.27,-0.372],[0.982,-0.803],[0.611,-1.118],[0.151,-1.306],[-0.609,-2.076],[-0.835,-0.616],[-0.998,-0.332]],"v":[[0.004,-9.811],[-2.756,-9.413],[-6.204,-7.6],[-8.605,-4.706],[-9.746,-1.124],[-9.413,2.757],[-5.829,7.889],[-3.09,9.311],[-0.004,9.811],[2.756,9.414],[6.204,7.601],[8.605,4.708],[9.746,1.126],[9.414,-2.756],[5.83,-7.888],[3.089,-9.311]],"c":true},"ix":2},"nm":"Path 1","mn":"ADBE Vector Shape - Group","hd":false},{"ind":1,"ty":"sh","ix":2,"ks":{"a":0,"k":{"i":[[-0.795,0],[-1.092,-3.728],[4.53,-1.326],[0.796,0],[1.092,3.728],[-4.529,1.327]],"o":[[3.697,0],[1.326,4.529],[-0.801,0.235],[-3.697,0],[-1.326,-4.529],[0.802,-0.234]],"v":[[0.004,-8.548],[8.202,-2.401],[2.401,8.202],[-0.004,8.549],[-8.202,2.402],[-2.402,-8.201]],"c":true},"ix":2},"nm":"Path 2","mn":"ADBE Vector Shape - Group","hd":false},{"ty":"mm","mm":1,"nm":"Merge Paths 1","mn":"ADBE Vector Filter - Merge","hd":false},{"ty":"fl","c":{"a":0,"k":[0.426999978458,0.298000021542,0.255000005984,1],"ix":4},"o":{"a":0,"k":100,"ix":5},"r":1,"bm":0,"nm":"Fill 1","mn":"ADBE Vector Graphic - Fill","hd":false},{"ty":"tr","p":{"a":0,"k":[29.204,40.399],"ix":2},"a":{"a":0,"k":[0,0],"ix":1},"s":{"a":0,"k":[100,100],"ix":3},"r":{"a":0,"k":0,"ix":6},"o":{"a":0,"k":100,"ix":7},"sk":{"a":0,"k":0,"ix":4},"sa":{"a":0,"k":0,"ix":5},"nm":"Transform"}],"nm":"Group 2","np":6,"cix":2,"bm":0,"ix":2,"mn":"ADBE Vector Group","hd":false},{"ty":"gr","it":[{"ind":0,"ty":"sh","ix":1,"ks":{"a":0,"k":{"i":[[0.871,0],[1.572,1.159],[0.569,1.942],[-4.857,1.422],[-0.871,0],[-1.571,-1.16],[-0.568,-1.943],[1.177,-2.151],[2.353,-0.689]],"o":[[-1.943,0],[-1.624,-1.2],[-1.422,-4.857],[0.843,-0.247],[1.943,0],[1.625,1.199],[0.689,2.352],[-1.177,2.15],[-0.843,0.247]],"v":[[0.363,9.179],[-5.088,7.381],[-8.441,2.579],[-2.212,-8.807],[0.371,-9.179],[5.821,-7.381],[9.174,-2.579],[8.418,4.404],[2.946,8.807]],"c":true},"ix":2},"nm":"Path 1","mn":"ADBE Vector Shape - Group","hd":false},{"ty":"fl","c":{"a":0,"k":[0.180000005984,0.8,0.442999985639,1],"ix":4},"o":{"a":0,"k":100,"ix":5},"r":1,"bm":0,"nm":"Fill 1","mn":"ADBE Vector Graphic - Fill","hd":false},{"ty":"tr","p":{"a":0,"k":[28.837,40.399],"ix":2},"a":{"a":0,"k":[0,0],"ix":1},"s":{"a":0,"k":[100,100],"ix":3},"r":{"a":0,"k":0,"ix":6},"o":{"a":0,"k":100,"ix":7},"sk":{"a":0,"k":0,"ix":4},"sa":{"a":0,"k":0,"ix":5},"nm":"Transform"}],"nm":"Group 3","np":4,"cix":2,"bm":0,"ix":3,"mn":"ADBE Vector Group","hd":false},{"ty":"gr","it":[{"ind":0,"ty":"sh","ix":1,"ks":{"a":0,"k":{"i":[[1.373,4.688],[0,0],[0,0],[3.92,-1.351],[0,0]],"o":[[0,0],[0,0],[1.177,4.02],[0,0],[4.588,-1.547]],"v":[[2.397,-5.58],[2.397,-5.58],[1.186,-5.225],[-3.77,4.368],[-3.415,5.58]],"c":true},"ix":2},"nm":"Path 1","mn":"ADBE Vector Shape - Group","hd":false},{"ty":"fl","c":{"a":0,"k":[0.426999978458,0.298000021542,0.255000005984,1],"ix":4},"o":{"a":0,"k":100,"ix":5},"r":1,"bm":0,"nm":"Fill 1","mn":"ADBE Vector Graphic - Fill","hd":false},{"ty":"tr","p":{"a":0,"k":[12.54,17.441],"ix":2},"a":{"a":0,"k":[0,0],"ix":1},"s":{"a":0,"k":[100,100],"ix":3},"r":{"a":0,"k":0,"ix":6},"o":{"a":0,"k":100,"ix":7},"sk":{"a":0,"k":0,"ix":4},"sa":{"a":0,"k":0,"ix":5},"nm":"Transform"}],"nm":"Group 4","np":4,"cix":2,"bm":0,"ix":4,"mn":"ADBE Vector Group","hd":false},{"ty":"gr","it":[{"ind":0,"ty":"sh","ix":1,"ks":{"a":0,"k":{"i":[[1.177,4.02],[0,0],[0,0],[0,0]],"o":[[0,0],[0,0],[0,0],[3.921,-1.351]],"v":[[2.987,-4.797],[2.987,-4.797],[-4.164,-2.702],[-1.969,4.797]],"c":true},"ix":2},"nm":"Path 1","mn":"ADBE Vector Shape - Group","hd":false},{"ty":"fl","c":{"a":0,"k":[0.180000005984,0.8,0.442999985639,1],"ix":4},"o":{"a":0,"k":100,"ix":5},"r":1,"bm":0,"nm":"Fill 1","mn":"ADBE Vector Graphic - Fill","hd":false},{"ty":"tr","p":{"a":0,"k":[10.739,17.013],"ix":2},"a":{"a":0,"k":[0,0],"ix":1},"s":{"a":0,"k":[100,100],"ix":3},"r":{"a":0,"k":0,"ix":6},"o":{"a":0,"k":100,"ix":7},"sk":{"a":0,"k":0,"ix":4},"sa":{"a":0,"k":0,"ix":5},"nm":"Transform"}],"nm":"Group 5","np":4,"cix":2,"bm":0,"ix":5,"mn":"ADBE Vector Group","hd":false},{"ty":"gr","it":[{"ind":0,"ty":"sh","ix":1,"ks":{"a":0,"k":{"i":[[0,0],[-2.129,-1.164],[-1.503,0],[-0.73,0.182],[0,0],[1.724,0.943],[0.588,2.005]],"o":[[0.682,2.329],[1.356,0.742],[0.737,-0.001],[0,0],[-1.897,0.461],[-1.833,-1.003],[0,0]],"v":[[-5.457,-3.091],[-1.098,2.326],[3.249,3.446],[5.457,3.172],[5.102,1.959],[-0.492,1.219],[-4.246,-3.446]],"c":true},"ix":2},"nm":"Path 1","mn":"ADBE Vector Shape - Group","hd":false},{"ty":"fl","c":{"a":0,"k":[0.426999978458,0.298000021542,0.255000005984,1],"ix":4},"o":{"a":0,"k":100,"ix":5},"r":1,"bm":0,"nm":"Fill 1","mn":"ADBE Vector Graphic - Fill","hd":false},{"ty":"tr","p":{"a":0,"k":[31.282,11.764],"ix":2},"a":{"a":0,"k":[0,0],"ix":1},"s":{"a":0,"k":[100,100],"ix":3},"r":{"a":0,"k":0,"ix":6},"o":{"a":0,"k":100,"ix":7},"sk":{"a":0,"k":0,"ix":4},"sa":{"a":0,"k":0,"ix":5},"nm":"Transform"}],"nm":"Group 6","np":4,"cix":2,"bm":0,"ix":6,"mn":"ADBE Vector Group","hd":false},{"ty":"gr","it":[{"ind":0,"ty":"sh","ix":1,"ks":{"a":0,"k":{"i":[[-1.833,-1.003],[-1.897,0.461],[0,0],[0,0]],"o":[[1.725,0.943],[0,0],[0,0],[0.587,2.005]],"v":[[-0.921,2.779],[4.674,3.519],[2.478,-3.98],[-4.674,-1.886]],"c":true},"ix":2},"nm":"Path 1","mn":"ADBE Vector Shape - Group","hd":false},{"ty":"fl","c":{"a":0,"k":[0.180000005984,0.8,0.442999985639,1],"ix":4},"o":{"a":0,"k":100,"ix":5},"r":1,"bm":0,"nm":"Fill 1","mn":"ADBE Vector Graphic - Fill","hd":false},{"ty":"tr","p":{"a":0,"k":[31.71,10.204],"ix":2},"a":{"a":0,"k":[0,0],"ix":1},"s":{"a":0,"k":[100,100],"ix":3},"r":{"a":0,"k":0,"ix":6},"o":{"a":0,"k":100,"ix":7},"sk":{"a":0,"k":0,"ix":4},"sa":{"a":0,"k":0,"ix":5},"nm":"Transform"}],"nm":"Group 7","np":4,"cix":2,"bm":0,"ix":7,"mn":"ADBE Vector Group","hd":false},{"ty":"gr","it":[{"ind":0,"ty":"sh","ix":1,"ks":{"a":0,"k":{"i":[[2.129,1.165],[2.222,-0.555],[0,0],[-0.617,0],[-1.168,-0.639],[-0.587,-2.005],[0,0]],"o":[[-2.02,-1.105],[0,0],[0.612,-0.149],[1.295,0],[1.833,1.002],[0,0],[-0.682,-2.329]],"v":[[1.098,-2.186],[-5.457,-3.031],[-5.101,-1.817],[-3.251,-2.041],[0.493,-1.078],[4.246,3.586],[5.457,3.232]],"c":true},"ix":2},"nm":"Path 1","mn":"ADBE Vector Shape - Group","hd":false},{"ty":"fl","c":{"a":0,"k":[0.426999978458,0.298000021542,0.255000005984,1],"ix":4},"o":{"a":0,"k":100,"ix":5},"r":1,"bm":0,"nm":"Fill 1","mn":"ADBE Vector Graphic - Fill","hd":false},{"ty":"tr","p":{"a":0,"k":[27.518,70.232],"ix":2},"a":{"a":0,"k":[0,0],"ix":1},"s":{"a":0,"k":[100,100],"ix":3},"r":{"a":0,"k":0,"ix":6},"o":{"a":0,"k":100,"ix":7},"sk":{"a":0,"k":0,"ix":4},"sa":{"a":0,"k":0,"ix":5},"nm":"Transform"}],"nm":"Group 8","np":4,"cix":2,"bm":0,"ix":8,"mn":"ADBE Vector Group","hd":false},{"ty":"gr","it":[{"ind":0,"ty":"sh","ix":1,"ks":{"a":0,"k":{"i":[[1.833,1.002],[1.295,0],[0.613,-0.149],[0,0],[0,0]],"o":[[-1.167,-0.639],[-0.617,0],[0,0],[0,0],[-0.587,-2.006]],"v":[[0.921,-2.898],[-2.824,-3.861],[-4.674,-3.637],[-2.478,3.861],[4.674,1.767]],"c":true},"ix":2},"nm":"Path 1","mn":"ADBE Vector Shape - Group","hd":false},{"ty":"fl","c":{"a":0,"k":[0.180000005984,0.8,0.442999985639,1],"ix":4},"o":{"a":0,"k":100,"ix":5},"r":1,"bm":0,"nm":"Fill 1","mn":"ADBE Vector Graphic - Fill","hd":false},{"ty":"tr","p":{"a":0,"k":[27.09,72.052],"ix":2},"a":{"a":0,"k":[0,0],"ix":1},"s":{"a":0,"k":[100,100],"ix":3},"r":{"a":0,"k":0,"ix":6},"o":{"a":0,"k":100,"ix":7},"sk":{"a":0,"k":0,"ix":4},"sa":{"a":0,"k":0,"ix":5},"nm":"Transform"}],"nm":"Group 9","np":4,"cix":2,"bm":0,"ix":9,"mn":"ADBE Vector Group","hd":false},{"ty":"gr","it":[{"ind":0,"ty":"sh","ix":1,"ks":{"a":0,"k":{"i":[[0,0],[-3.92,1.35],[0,0],[-1.373,-4.689]],"o":[[-1.178,-4.021],[0,0],[-4.589,1.548],[0,0]],"v":[[-1.185,5.225],[3.77,-4.367],[3.416,-5.581],[-2.397,5.581]],"c":true},"ix":2},"nm":"Path 1","mn":"ADBE Vector Shape - Group","hd":false},{"ty":"fl","c":{"a":0,"k":[0.426999978458,0.298000021542,0.255000005984,1],"ix":4},"o":{"a":0,"k":100,"ix":5},"r":1,"bm":0,"nm":"Fill 1","mn":"ADBE Vector Graphic - Fill","hd":false},{"ty":"tr","p":{"a":0,"k":[46.26,64.695],"ix":2},"a":{"a":0,"k":[0,0],"ix":1},"s":{"a":0,"k":[100,100],"ix":3},"r":{"a":0,"k":0,"ix":6},"o":{"a":0,"k":100,"ix":7},"sk":{"a":0,"k":0,"ix":4},"sa":{"a":0,"k":0,"ix":5},"nm":"Transform"}],"nm":"Group 10","np":4,"cix":2,"bm":0,"ix":10,"mn":"ADBE Vector Group","hd":false},{"ty":"gr","it":[{"ind":0,"ty":"sh","ix":1,"ks":{"a":0,"k":{"i":[[-1.178,-4.021],[0,0],[0,0]],"o":[[0,0],[0,0],[-3.92,1.35]],"v":[[-2.986,4.796],[4.165,2.702],[1.969,-4.796]],"c":true},"ix":2},"nm":"Path 1","mn":"ADBE Vector Shape - Group","hd":false},{"ty":"fl","c":{"a":0,"k":[0.180000005984,0.8,0.442999985639,1],"ix":4},"o":{"a":0,"k":100,"ix":5},"r":1,"bm":0,"nm":"Fill 1","mn":"ADBE Vector Graphic - Fill","hd":false},{"ty":"tr","p":{"a":0,"k":[48.061,65.124],"ix":2},"a":{"a":0,"k":[0,0],"ix":1},"s":{"a":0,"k":[100,100],"ix":3},"r":{"a":0,"k":0,"ix":6},"o":{"a":0,"k":100,"ix":7},"sk":{"a":0,"k":0,"ix":4},"sa":{"a":0,"k":0,"ix":5},"nm":"Transform"}],"nm":"Group 11","np":4,"cix":2,"bm":0,"ix":11,"mn":"ADBE Vector Group","hd":false},{"ty":"gr","it":[{"ind":0,"ty":"sh","ix":1,"ks":{"a":0,"k":{"i":[[0.546,0],[0.118,-0.034],[0,0],[0.16,-0.294],[-0.094,-0.322],[0,0],[-0.546,0],[-0.119,0.034],[0,0],[-0.16,0.294],[0.093,0.321],[0,0]],"o":[[-0.118,0],[0,0],[-0.322,0.094],[-0.161,0.294],[0,0],[0.162,0.55],[0.118,0],[0,0],[0.321,-0.094],[0.161,-0.294],[0,0],[-0.161,-0.551]],"v":[[4.789,-36.107],[4.434,-36.056],[-23.18,-27.97],[-23.933,-27.364],[-24.037,-26.403],[-5.999,35.199],[-4.788,36.107],[-4.432,36.056],[23.181,27.97],[23.934,27.364],[24.039,26.404],[5.999,-35.199]],"c":true},"ix":2},"nm":"Path 1","mn":"ADBE Vector Shape - Group","hd":false},{"ind":1,"ty":"sh","ix":2,"ks":{"a":0,"k":{"i":[[0,0],[0,0],[0,0],[0,0]],"o":[[0,0],[0,0],[0,0],[0,0]],"v":[[4.788,-34.844],[22.827,26.758],[-4.787,34.844],[-22.826,-26.758]],"c":true},"ix":2},"nm":"Path 2","mn":"ADBE Vector Shape - Group","hd":false},{"ty":"mm","mm":1,"nm":"Merge Paths 1","mn":"ADBE Vector Filter - Merge","hd":false},{"ty":"fl","c":{"a":0,"k":[0.426999978458,0.298000021542,0.255000005984,1],"ix":4},"o":{"a":0,"k":100,"ix":5},"r":1,"bm":0,"nm":"Fill 1","mn":"ADBE Vector Graphic - Fill","hd":false},{"ty":"tr","p":{"a":0,"k":[29.4,41.068],"ix":2},"a":{"a":0,"k":[0,0],"ix":1},"s":{"a":0,"k":[100,100],"ix":3},"r":{"a":0,"k":0,"ix":6},"o":{"a":0,"k":100,"ix":7},"sk":{"a":0,"k":0,"ix":4},"sa":{"a":0,"k":0,"ix":5},"nm":"Transform"}],"nm":"Group 12","np":6,"cix":2,"bm":0,"ix":12,"mn":"ADBE Vector Group","hd":false},{"ty":"gr","it":[{"ind":0,"ty":"sh","ix":1,"ks":{"a":0,"k":{"i":[[0.06,0],[0.094,0.052],[0.046,0.161],[0,0],[-0.334,0.097],[0,0],[-0.059,0],[-0.093,-0.051],[-0.047,-0.161],[0,0],[0.081,-0.147],[0.16,-0.047],[0,0]],"o":[[-0.105,0],[-0.147,-0.08],[0,0],[-0.098,-0.335],[0,0],[0.058,-0.017],[0.105,0],[0.147,0.08],[0,0],[0.048,0.161],[-0.08,0.146],[0,0],[-0.058,0.017]],"v":[[-4.762,35.475],[-5.066,35.398],[-5.368,35.022],[-23.407,-26.581],[-22.979,-27.363],[4.635,-35.449],[4.813,-35.475],[5.115,-35.397],[5.419,-35.021],[23.456,26.581],[23.404,27.062],[23.029,27.365],[-4.585,35.451]],"c":true},"ix":2},"nm":"Path 1","mn":"ADBE Vector Shape - Group","hd":false},{"ty":"fl","c":{"a":0,"k":[0.980000035903,0.980000035903,0.980000035903,1],"ix":4},"o":{"a":0,"k":100,"ix":5},"r":1,"bm":0,"nm":"Fill 1","mn":"ADBE Vector Graphic - Fill","hd":false},{"ty":"tr","p":{"a":0,"k":[29.375,41.068],"ix":2},"a":{"a":0,"k":[0,0],"ix":1},"s":{"a":0,"k":[100,100],"ix":3},"r":{"a":0,"k":0,"ix":6},"o":{"a":0,"k":100,"ix":7},"sk":{"a":0,"k":0,"ix":4},"sa":{"a":0,"k":0,"ix":5},"nm":"Transform"}],"nm":"Group 13","np":4,"cix":2,"bm":0,"ix":13,"mn":"ADBE Vector Group","hd":false},{"ty":"gr","it":[{"ind":0,"ty":"sh","ix":1,"ks":{"a":0,"k":{"i":[[0.143,0.487],[0,0],[0.597,-0.176],[0,0],[-0.034,-0.517],[-0.111,0.032],[0,0],[-0.176,-0.599],[0,0],[-0.005,-0.081]],"o":[[0,0],[-0.176,-0.598],[0,0],[-0.517,0.152],[0.092,-0.062],[0,0],[0.597,-0.175],[0,0],[0.024,0.081],[0.402,-0.266]],"v":[[27.286,33.141],[7.748,-33.584],[6.348,-34.349],[-26.522,-24.725],[-27.329,-23.568],[-27.027,-23.714],[5.843,-33.339],[7.243,-32.573],[26.781,34.151],[26.822,34.395]],"c":true},"ix":2},"nm":"Path 1","mn":"ADBE Vector Shape - Group","hd":false},{"ty":"fl","c":{"a":0,"k":[1,1,1,1],"ix":4},"o":{"a":0,"k":100,"ix":5},"r":1,"bm":0,"nm":"Fill 1","mn":"ADBE Vector Graphic - Fill","hd":false},{"ty":"tr","p":{"a":0,"k":[29.401,36.16],"ix":2},"a":{"a":0,"k":[0,0],"ix":1},"s":{"a":0,"k":[100,100],"ix":3},"r":{"a":0,"k":0,"ix":6},"o":{"a":0,"k":100,"ix":7},"sk":{"a":0,"k":0,"ix":4},"sa":{"a":0,"k":0,"ix":5},"nm":"Transform"}],"nm":"Group 14","np":4,"cix":2,"bm":0,"ix":14,"mn":"ADBE Vector Group","hd":false},{"ty":"gr","it":[{"ind":0,"ty":"sh","ix":1,"ks":{"a":0,"k":{"i":[[0.561,0],[0.242,-0.071],[0,0],[-0.409,-1.399],[0,0],[-0.468,-0.346],[-0.56,0],[-0.243,0.071],[0,0],[0.409,1.399],[0,0],[0.469,0.346]],"o":[[-0.251,0],[0,0],[-1.399,0.41],[0,0],[0.163,0.559],[0.452,0.333],[0.251,0],[0,0],[1.399,-0.409],[0,0],[-0.164,-0.559],[-0.452,-0.333]],"v":[[6.666,-40.819],[5.923,-40.711],[-26.946,-31.087],[-28.741,-27.806],[-9.202,38.918],[-8.236,40.302],[-6.666,40.819],[-5.922,40.711],[26.947,31.086],[28.741,27.806],[9.203,-38.918],[8.236,-40.301]],"c":true},"ix":2},"nm":"Path 1","mn":"ADBE Vector Shape - Group","hd":false},{"ind":1,"ty":"sh","ix":2,"ks":{"a":0,"k":{"i":[[-0.104,0],[-0.145,-0.493],[0,0],[0.598,-0.175],[0,0],[0.105,0],[0.145,0.493],[0,0],[-0.598,0.175],[0,0]],"o":[[0.488,0],[0,0],[0.175,0.598],[0,0],[-0.106,0.031],[-0.488,0],[0,0],[-0.175,-0.598],[0,0],[0.105,-0.031]],"v":[[6.666,-39.303],[7.749,-38.491],[27.287,28.233],[26.521,29.633],[-6.348,39.258],[-6.666,39.303],[-7.749,38.491],[-27.287,-28.232],[-26.521,-29.633],[6.349,-39.258]],"c":true},"ix":2},"nm":"Path 2","mn":"ADBE Vector Shape - Group","hd":false},{"ty":"mm","mm":1,"nm":"Merge Paths 1","mn":"ADBE Vector Filter - Merge","hd":false},{"ty":"fl","c":{"a":0,"k":[0.426999978458,0.298000021542,0.255000005984,1],"ix":4},"o":{"a":0,"k":100,"ix":5},"r":1,"bm":0,"nm":"Fill 1","mn":"ADBE Vector Graphic - Fill","hd":false},{"ty":"tr","p":{"a":0,"k":[29.4,41.068],"ix":2},"a":{"a":0,"k":[0,0],"ix":1},"s":{"a":0,"k":[100,100],"ix":3},"r":{"a":0,"k":0,"ix":6},"o":{"a":0,"k":100,"ix":7},"sk":{"a":0,"k":0,"ix":4},"sa":{"a":0,"k":0,"ix":5},"nm":"Transform"}],"nm":"Group 15","np":6,"cix":2,"bm":0,"ix":15,"mn":"ADBE Vector Group","hd":false},{"ty":"gr","it":[{"ind":0,"ty":"sh","ix":1,"ks":{"a":0,"k":{"i":[[0.179,0],[0.233,0.798],[0,0],[-0.998,0.293],[0,0],[-0.179,0],[-0.234,-0.798],[0,0],[0.243,-0.442],[0.484,-0.142],[0,0]],"o":[[-0.832,0],[0,0],[-0.292,-0.998],[0,0],[0.173,-0.051],[0.832,0],[0,0],[0.141,0.483],[-0.241,0.442],[0,0],[-0.173,0.051]],"v":[[-6.59,40.061],[-8.4,38.705],[-27.939,-28.02],[-26.658,-30.36],[6.211,-39.984],[6.741,-40.061],[8.551,-38.705],[28.089,28.02],[27.933,29.455],[26.809,30.36],[-6.06,39.985]],"c":true},"ix":2},"nm":"Path 1","mn":"ADBE Vector Shape - Group","hd":false},{"ty":"fl","c":{"a":0,"k":[0.180000005984,0.8,0.442999985639,1],"ix":4},"o":{"a":0,"k":100,"ix":5},"r":1,"bm":0,"nm":"Fill 1","mn":"ADBE Vector Graphic - Fill","hd":false},{"ty":"tr","p":{"a":0,"k":[29.325,41.068],"ix":2},"a":{"a":0,"k":[0,0],"ix":1},"s":{"a":0,"k":[100,100],"ix":3},"r":{"a":0,"k":0,"ix":6},"o":{"a":0,"k":100,"ix":7},"sk":{"a":0,"k":0,"ix":4},"sa":{"a":0,"k":0,"ix":5},"nm":"Transform"}],"nm":"Group 16","np":4,"cix":2,"bm":0,"ix":16,"mn":"ADBE Vector Group","hd":false}],"ip":0,"op":900.000036657751,"st":0,"bm":0},{"ddd":0,"ind":4,"ty":4,"nm":"Stars/Wallet money Outlines","sr":1,"ks":{"o":{"a":1,"k":[{"i":{"x":[0.833],"y":[0.833]},"o":{"x":[0.167],"y":[0.167]},"t":90,"s":[100]},{"t":98.0000039916218,"s":[0]}],"ix":11},"r":{"a":0,"k":0,"ix":10},"p":{"a":0,"k":[150,233,0],"ix":2},"a":{"a":0,"k":[80,48,0],"ix":1},"s":{"a":1,"k":[{"i":{"x":[0.667,0.667,0.667],"y":[1,1,1]},"o":{"x":[0.167,0.167,0.167],"y":[0.167,0.167,-16.667]},"t":4,"s":[100,100,100]},{"i":{"x":[0.667,0.667,0.667],"y":[1,1,1]},"o":{"x":[0.167,0.167,0.167],"y":[0.167,0.167,16.667]},"t":75,"s":[0,0,100]},{"t":96.0000039101602,"s":[100,100,100]}],"ix":6}},"ao":0,"shapes":[{"ty":"gr","it":[{"ind":0,"ty":"sh","ix":1,"ks":{"a":0,"k":{"i":[[-0.159,0.753],[-0.753,-0.159],[0.159,-0.753],[0.753,0.16]],"o":[[0.159,-0.753],[0.754,0.159],[-0.16,0.753],[-0.754,-0.159]],"v":[[-1.364,-0.289],[0.288,-1.364],[1.364,0.288],[-0.288,1.363]],"c":true},"ix":2},"nm":"Path 1","mn":"ADBE Vector Shape - Group","hd":false},{"ty":"fl","c":{"a":0,"k":[0.426999978458,0.298000021542,0.255000005984,1],"ix":4},"o":{"a":0,"k":100,"ix":5},"r":1,"bm":0,"nm":"Fill 1","mn":"ADBE Vector Graphic - Fill","hd":false},{"ty":"tr","p":{"a":0,"k":[14.454,13.591],"ix":2},"a":{"a":0,"k":[0,0],"ix":1},"s":{"a":0,"k":[100,100],"ix":3},"r":{"a":0,"k":0,"ix":6},"o":{"a":0,"k":100,"ix":7},"sk":{"a":0,"k":0,"ix":4},"sa":{"a":0,"k":0,"ix":5},"nm":"Transform"}],"nm":"Group 1","np":4,"cix":2,"bm":0,"ix":1,"mn":"ADBE Vector Group","hd":false},{"ty":"gr","it":[{"ind":0,"ty":"sh","ix":1,"ks":{"a":0,"k":{"i":[[0.643,0.987],[-0.987,0.643],[-0.642,-0.987],[0.987,-0.643]],"o":[[-0.643,-0.987],[0.987,-0.642],[0.642,0.988],[-0.987,0.643]],"v":[[-1.787,1.163],[-1.163,-1.788],[1.788,-1.164],[1.164,1.787]],"c":true},"ix":2},"nm":"Path 1","mn":"ADBE Vector Shape - Group","hd":false},{"ty":"fl","c":{"a":0,"k":[0.426999978458,0.298000021542,0.255000005984,1],"ix":4},"o":{"a":0,"k":100,"ix":5},"r":1,"bm":0,"nm":"Fill 1","mn":"ADBE Vector Graphic - Fill","hd":false},{"ty":"tr","p":{"a":0,"k":[24.783,2.68],"ix":2},"a":{"a":0,"k":[0,0],"ix":1},"s":{"a":0,"k":[100,100],"ix":3},"r":{"a":0,"k":0,"ix":6},"o":{"a":0,"k":100,"ix":7},"sk":{"a":0,"k":0,"ix":4},"sa":{"a":0,"k":0,"ix":5},"nm":"Transform"}],"nm":"Group 2","np":4,"cix":2,"bm":0,"ix":2,"mn":"ADBE Vector Group","hd":false},{"ty":"gr","it":[{"ind":0,"ty":"sh","ix":1,"ks":{"a":0,"k":{"i":[[-0.358,0],[-0.165,0.797],[-0.237,0.049],[0,0.357],[0.797,0.165],[0.049,0.237],[0.357,0],[0.166,-0.798],[0.237,-0.049],[0,-0.358],[-0.798,-0.166],[-0.049,-0.237]],"o":[[0.357,0],[0.049,-0.237],[0.797,-0.166],[0,-0.358],[-0.237,-0.049],[-0.165,-0.798],[-0.358,0],[-0.049,0.237],[-0.798,0.165],[0,0.357],[0.237,0.049],[0.166,0.797]],"v":[[0,2.64],[0.834,1.305],[1.305,0.835],[2.64,0],[1.305,-0.835],[0.834,-1.305],[0,-2.64],[-0.835,-1.305],[-1.305,-0.835],[-2.64,0],[-1.305,0.835],[-0.835,1.305]],"c":true},"ix":2},"nm":"Path 1","mn":"ADBE Vector Shape - Group","hd":false},{"ty":"fl","c":{"a":0,"k":[0.426999978458,0.298000021542,0.255000005984,1],"ix":4},"o":{"a":0,"k":100,"ix":5},"r":1,"bm":0,"nm":"Fill 1","mn":"ADBE Vector Graphic - Fill","hd":false},{"ty":"tr","p":{"a":0,"k":[2.89,80.594],"ix":2},"a":{"a":0,"k":[0,0],"ix":1},"s":{"a":0,"k":[100,100],"ix":3},"r":{"a":0,"k":0,"ix":6},"o":{"a":0,"k":100,"ix":7},"sk":{"a":0,"k":0,"ix":4},"sa":{"a":0,"k":0,"ix":5},"nm":"Transform"}],"nm":"Group 3","np":4,"cix":2,"bm":0,"ix":3,"mn":"ADBE Vector Group","hd":false},{"ty":"gr","it":[{"ind":0,"ty":"sh","ix":1,"ks":{"a":0,"k":{"i":[[-0.311,0.311],[0.55,0.837],[-0.163,0.249],[0.312,0.311],[0.837,-0.55],[0.249,0.163],[0.312,-0.311],[-0.55,-0.837],[0.163,-0.249],[-0.31,-0.311],[-0.836,0.55],[-0.249,-0.163]],"o":[[0.312,-0.311],[-0.163,-0.249],[0.55,-0.837],[-0.311,-0.311],[-0.249,0.163],[-0.836,-0.55],[-0.31,0.311],[0.163,0.249],[-0.55,0.837],[0.312,0.311],[0.249,-0.163],[0.837,0.55]],"v":[[2.294,2.295],[1.859,0.409],[1.859,-0.409],[2.294,-2.295],[0.408,-1.86],[-0.41,-1.86],[-2.296,-2.295],[-1.86,-0.409],[-1.86,0.409],[-2.296,2.295],[-0.41,1.86],[0.408,1.86]],"c":true},"ix":2},"nm":"Path 1","mn":"ADBE Vector Shape - Group","hd":false},{"ty":"fl","c":{"a":0,"k":[0.426999978458,0.298000021542,0.255000005984,1],"ix":4},"o":{"a":0,"k":100,"ix":5},"r":1,"bm":0,"nm":"Fill 1","mn":"ADBE Vector Graphic - Fill","hd":false},{"ty":"tr","p":{"a":0,"k":[150.06,23.755],"ix":2},"a":{"a":0,"k":[0,0],"ix":1},"s":{"a":0,"k":[100,100],"ix":3},"r":{"a":0,"k":0,"ix":6},"o":{"a":0,"k":100,"ix":7},"sk":{"a":0,"k":0,"ix":4},"sa":{"a":0,"k":0,"ix":5},"nm":"Transform"}],"nm":"Group 4","np":4,"cix":2,"bm":0,"ix":4,"mn":"ADBE Vector Group","hd":false},{"ty":"gr","it":[{"ind":0,"ty":"sh","ix":1,"ks":{"a":0,"k":{"i":[[-0.265,-0.695],[0.695,-0.264],[0.264,0.694],[-0.695,0.264]],"o":[[0.264,0.694],[-0.695,0.264],[-0.264,-0.695],[0.694,-0.264]],"v":[[1.258,-0.478],[0.478,1.258],[-1.258,0.479],[-0.478,-1.258]],"c":true},"ix":2},"nm":"Path 1","mn":"ADBE Vector Shape - Group","hd":false},{"ty":"fl","c":{"a":0,"k":[0.426999978458,0.298000021542,0.255000005984,1],"ix":4},"o":{"a":0,"k":100,"ix":5},"r":1,"bm":0,"nm":"Fill 1","mn":"ADBE Vector Graphic - Fill","hd":false},{"ty":"tr","p":{"a":0,"k":[157.952,37.896],"ix":2},"a":{"a":0,"k":[0,0],"ix":1},"s":{"a":0,"k":[100,100],"ix":3},"r":{"a":0,"k":0,"ix":6},"o":{"a":0,"k":100,"ix":7},"sk":{"a":0,"k":0,"ix":4},"sa":{"a":0,"k":0,"ix":5},"nm":"Transform"}],"nm":"Group 5","np":4,"cix":2,"bm":0,"ix":5,"mn":"ADBE Vector Group","hd":false},{"ty":"gr","it":[{"ind":0,"ty":"sh","ix":1,"ks":{"a":0,"k":{"i":[[0,-0.89],[0.89,0],[0,0.891],[-0.891,0]],"o":[[0,0.891],[-0.891,0],[0,-0.89],[0.89,0]],"v":[[1.613,-0.001],[0,1.613],[-1.613,-0.001],[0,-1.613]],"c":true},"ix":2},"nm":"Path 1","mn":"ADBE Vector Shape - Group","hd":false},{"ty":"fl","c":{"a":0,"k":[0.426999978458,0.298000021542,0.255000005984,1],"ix":4},"o":{"a":0,"k":100,"ix":5},"r":1,"bm":0,"nm":"Fill 1","mn":"ADBE Vector Graphic - Fill","hd":false},{"ty":"tr","p":{"a":0,"k":[156.622,94.007],"ix":2},"a":{"a":0,"k":[0,0],"ix":1},"s":{"a":0,"k":[100,100],"ix":3},"r":{"a":0,"k":0,"ix":6},"o":{"a":0,"k":100,"ix":7},"sk":{"a":0,"k":0,"ix":4},"sa":{"a":0,"k":0,"ix":5},"nm":"Transform"}],"nm":"Group 6","np":4,"cix":2,"bm":0,"ix":6,"mn":"ADBE Vector Group","hd":false},{"ty":"gr","it":[{"ind":0,"ty":"sh","ix":1,"ks":{"a":0,"k":{"i":[[0.546,0.546],[-0.546,0.546],[-0.546,-0.546],[0.546,-0.546]],"o":[[-0.546,-0.546],[0.546,-0.546],[0.546,0.546],[-0.546,0.546]],"v":[[-0.988,0.988],[-0.988,-0.988],[0.988,-0.988],[0.988,0.988]],"c":true},"ix":2},"nm":"Path 1","mn":"ADBE Vector Shape - Group","hd":false},{"ty":"fl","c":{"a":0,"k":[0.426999978458,0.298000021542,0.255000005984,1],"ix":4},"o":{"a":0,"k":100,"ix":5},"r":1,"bm":0,"nm":"Fill 1","mn":"ADBE Vector Graphic - Fill","hd":false},{"ty":"tr","p":{"a":0,"k":[8.986,92.339],"ix":2},"a":{"a":0,"k":[0,0],"ix":1},"s":{"a":0,"k":[100,100],"ix":3},"r":{"a":0,"k":0,"ix":6},"o":{"a":0,"k":100,"ix":7},"sk":{"a":0,"k":0,"ix":4},"sa":{"a":0,"k":0,"ix":5},"nm":"Transform"}],"nm":"Group 7","np":4,"cix":2,"bm":0,"ix":7,"mn":"ADBE Vector Group","hd":false}],"ip":38.0000015477717,"op":938.000038205523,"st":38.0000015477717,"bm":0},{"ddd":0,"ind":5,"ty":4,"nm":"Bg/Wallet money Outlines","sr":1,"ks":{"o":{"a":0,"k":100,"ix":11},"r":{"a":0,"k":0,"ix":10},"p":{"a":0,"k":[149.518,287.462,0],"ix":2},"a":{"a":0,"k":[65.518,114.962,0],"ix":1},"s":{"a":1,"k":[{"i":{"x":[0.667,0.667,0.667],"y":[1,1,1]},"o":{"x":[0.333,0.333,0.333],"y":[0,0,0]},"t":65,"s":[10,10,100]},{"i":{"x":[0.667,0.667,0.667],"y":[1,1,1]},"o":{"x":[0.333,0.333,0.333],"y":[0,0,0]},"t":83,"s":[115,115,100]},{"t":91.000003706506,"s":[100,100,100]}],"ix":6}},"ao":0,"shapes":[{"ty":"gr","it":[{"ind":0,"ty":"sh","ix":1,"ks":{"a":0,"k":{"i":[[-12.44,-0.207],[0,20.491],[36.275,0],[0,-36.274],[-14.704,-12.045],[-15.005,0]],"o":[[14.704,-12.045],[0,-36.274],[-36.274,0],[0,20.491],[12.441,-0.207],[15.005,0]],"v":[[41.592,58.257],[65.68,7.424],[-0.001,-58.257],[-65.68,7.424],[-41.592,58.257],[-0.001,57.933]],"c":true},"ix":2},"nm":"Path 1","mn":"ADBE Vector Shape - Group","hd":false},{"ty":"fl","c":{"a":0,"k":[0.736999990426,0.980000035903,0.481999984442,1],"ix":4},"o":{"a":0,"k":100,"ix":5},"r":1,"bm":0,"nm":"Fill 1","mn":"ADBE Vector Graphic - Fill","hd":false},{"ty":"tr","p":{"a":0,"k":[65.93,58.507],"ix":2},"a":{"a":0,"k":[0,0],"ix":1},"s":{"a":0,"k":[100,100],"ix":3},"r":{"a":0,"k":0,"ix":6},"o":{"a":0,"k":100,"ix":7},"sk":{"a":0,"k":0,"ix":4},"sa":{"a":0,"k":0,"ix":5},"nm":"Transform"}],"nm":"Group 1","np":4,"cix":2,"bm":0,"ix":1,"mn":"ADBE Vector Group","hd":false}],"ip":38.0000015477717,"op":938.000038205523,"st":38.0000015477717,"bm":0}],"markers":[]}