{"v":"5.6.10","fr":24,"ip":0,"op":169,"w":750,"h":1334,"nm":"Comp 1","ddd":0,"assets":[{"id":"image_0","w":261,"h":109,"u":"images/","p":"img_0.png","e":0},{"id":"image_1","w":404,"h":196,"u":"images/","p":"img_1.png","e":0},{"id":"image_2","w":332,"h":144,"u":"images/","p":"img_2.png","e":0},{"id":"image_3","w":4,"h":23,"u":"images/","p":"img_3.png","e":0},{"id":"image_4","w":58,"h":131,"u":"images/","p":"img_4.png","e":0},{"id":"image_5","w":58,"h":131,"u":"images/","p":"img_5.png","e":0},{"id":"image_6","w":76,"h":98,"u":"images/","p":"img_6.png","e":0},{"id":"image_7","w":104,"h":148,"u":"images/","p":"img_7.png","e":0},{"id":"image_8","w":126,"h":57,"u":"images/","p":"img_8.png","e":0},{"id":"image_9","w":750,"h":474,"u":"images/","p":"img_9.png","e":0},{"id":"image_10","w":212,"h":69,"u":"images/","p":"img_10.png","e":0},{"id":"image_11","w":128,"h":42,"u":"images/","p":"img_11.png","e":0},{"id":"image_12","w":59,"h":20,"u":"images/","p":"img_12.png","e":0},{"id":"image_13","w":183,"h":61,"u":"images/","p":"img_13.png","e":0},{"id":"image_14","w":207,"h":69,"u":"images/","p":"img_14.png","e":0},{"id":"image_15","w":136,"h":44,"u":"images/","p":"img_15.png","e":0},{"id":"image_16","w":394,"h":407,"u":"images/","p":"img_16.png","e":0},{"id":"image_17","w":299,"h":168,"u":"images/","p":"img_17.png","e":0},{"id":"image_18","w":248,"h":44,"u":"images/","p":"img_18.png","e":0},{"id":"image_19","w":599,"h":449,"u":"images/","p":"img_19.png","e":0},{"id":"comp_0","layers":[{"ddd":0,"ind":2,"ty":0,"nm":"auto","refId":"comp_1","sr":1,"ks":{"o":{"a":0,"k":100,"ix":11},"r":{"a":0,"k":0,"ix":10},"p":{"a":1,"k":[{"i":{"x":0.667,"y":1},"o":{"x":0.167,"y":0.167},"t":12,"s":[-199,425,0],"to":[61.5,0,0],"ti":[-61.5,0,0]},{"t":29,"s":[170,425,0]}],"ix":2},"a":{"a":0,"k":[130.5,54.5,0],"ix":1},"s":{"a":0,"k":[100,100,100],"ix":6}},"ao":0,"ef":[{"ty":34,"nm":"Posición libre","np":6,"mn":"ADBE FreePin3","ix":1,"en":1,"ef":[{"ty":7,"nm":"Motor de marioneta","mn":"ADBE FreePin3 Puppet Engine","ix":1,"v":{"a":0,"k":2,"ix":1}},{"ty":0,"nm":"Perf. rotación de malla","mn":"ADBE FreePin3 Auto Rotate Pins","ix":2,"v":{"a":0,"k":20,"ix":2}},{"ty":7,"nm":"Sobre transparente","mn":"ADBE FreePin3 On Transparent","ix":3,"v":{"a":0,"k":0,"ix":3}},{"ty":24,"nm":"arap","np":3,"mn":"ADBE FreePin3 ARAP Group","ix":4,"en":1,"ef":[{"ty":6,"nm":"Formas de trazado automático","mn":"ADBE FreePin3 Outlines","ix":1,"v":0},{"ty":1,"nm":"Malla","np":2,"mn":"ADBE FreePin3 Mesh Group","ix":2,"en":1,"ef":[{"nm":"Malla 1","np":8,"mn":"ADBE FreePin3 Mesh Atom","ix":1,"en":1,"ef":[{"ty":6,"nm":"Malla","mn":"ADBE FreePin3 Mesh","ix":1,"v":0},{"ty":0,"nm":"Triángulos","mn":"ADBE FreePin3 Mesh Tri Count","ix":2,"v":{"a":0,"k":50,"ix":2}},{"ty":0,"nm":"Densidad","mn":"ADBE FreePin3 Mesh Tri Density","ix":3,"v":{"a":0,"k":10,"ix":3}},{"ty":0,"nm":"Expansión","mn":"ADBE FreePin3 Mesh Expansion","ix":4,"v":{"a":0,"k":3,"ix":4}},{"nm":"Deformación","np":4,"mn":"ADBE FreePin3 PosPins","ix":5,"en":1,"ef":[{"nm":"Ubicación de posición libre 3","np":7,"mn":"ADBE FreePin3 PosPin Atom","ix":1,"en":1,"ef":[{"ty":3,"nm":"Desplazamiento de vértice","mn":"ADBE FreePin3 PosPin Vtx Offset","ix":1,"v":{"a":0,"k":[0,0],"ix":1}},{"ty":0,"nm":"Índice de vértice","mn":"ADBE FreePin3 PosPin Vtx Index","ix":2,"v":{"a":0,"k":28,"ix":2}},{"ty":7,"nm":"Tipo de posición","mn":"ADBE FreePin3 PosPin Type","ix":3,"v":{"a":0,"k":1,"ix":3}},{"ty":3,"nm":"Posición","mn":"ADBE FreePin3 PosPin Position","ix":4,"v":{"a":1,"k":[{"i":{"x":0.667,"y":0},"o":{"x":0.167,"y":0},"t":0,"s":[223.245,83.5],"to":[0,0],"ti":[0,0]},{"t":null,"s":[223.245,83.5]}],"ix":4}},{"ty":0,"nm":"Escala","mn":"ADBE FreePin3 PosPin Scale","ix":5,"v":{"a":0,"k":100,"ix":5}},{"ty":0,"nm":"Rotación","mn":"ADBE FreePin3 PosPin Rotation","ix":6,"v":{"a":0,"k":0,"ix":6}}]},{"nm":"Ubicación de posición libre 2","np":7,"mn":"ADBE FreePin3 PosPin Atom","ix":2,"en":1,"ef":[{"ty":3,"nm":"Desplazamiento de vértice","mn":"ADBE FreePin3 PosPin Vtx Offset","ix":1,"v":{"a":0,"k":[0,0],"ix":1}},{"ty":0,"nm":"Índice de vértice","mn":"ADBE FreePin3 PosPin Vtx Index","ix":2,"v":{"a":0,"k":29,"ix":2}},{"ty":7,"nm":"Tipo de posición","mn":"ADBE FreePin3 PosPin Type","ix":3,"v":{"a":0,"k":1,"ix":3}},{"ty":3,"nm":"Posición","mn":"ADBE FreePin3 PosPin Position","ix":4,"v":{"a":1,"k":[{"i":{"x":0.667,"y":0},"o":{"x":0.167,"y":0},"t":0,"s":[33.245,83.5],"to":[0,0],"ti":[0,0]},{"t":null,"s":[33.245,83.5]}],"ix":4}},{"ty":0,"nm":"Escala","mn":"ADBE FreePin3 PosPin Scale","ix":5,"v":{"a":0,"k":100,"ix":5}},{"ty":0,"nm":"Rotación","mn":"ADBE FreePin3 PosPin Rotation","ix":6,"v":{"a":0,"k":0,"ix":6}}]},{"nm":"Ubicación de posición libre 1","np":7,"mn":"ADBE FreePin3 PosPin Atom","ix":3,"en":1,"ef":[{"ty":3,"nm":"Desplazamiento de vértice","mn":"ADBE FreePin3 PosPin Vtx Offset","ix":1,"v":{"a":0,"k":[0,0],"ix":1}},{"ty":0,"nm":"Índice de vértice","mn":"ADBE FreePin3 PosPin Vtx Index","ix":2,"v":{"a":0,"k":30,"ix":2}},{"ty":7,"nm":"Tipo de posición","mn":"ADBE FreePin3 PosPin Type","ix":3,"v":{"a":0,"k":1,"ix":3}},{"ty":3,"nm":"Posición","mn":"ADBE FreePin3 PosPin Position","ix":4,"v":{"a":1,"k":[{"i":{"x":0,"y":0},"o":{"x":0,"y":0},"t":0,"s":[140.245,16.5],"to":[0,0],"ti":[0,0]},{"i":{"x":0,"y":0},"o":{"x":0,"y":0},"t":0,"s":[169.245,15.5],"to":[0,0],"ti":[0,0]},{"t":null,"s":[140.245,16.5]}],"ix":4}},{"ty":0,"nm":"Escala","mn":"ADBE FreePin3 PosPin Scale","ix":5,"v":{"a":0,"k":100,"ix":5}},{"ty":0,"nm":"Rotación","mn":"ADBE FreePin3 PosPin Rotation","ix":6,"v":{"a":0,"k":0,"ix":6}}]}]},{"nm":"Superposición","np":1,"mn":"ADBE FreePin3 HghtPins","ix":6,"en":1,"ef":[]},{"nm":"Inflexibilidad","np":1,"mn":"ADBE FreePin3 StarchPins","ix":7,"en":1,"ef":[]}]}]}]}]}],"w":261,"h":109,"ip":0,"op":1920,"st":0,"bm":0},{"ddd":0,"ind":3,"ty":2,"nm":"Capa 2","refId":"image_1","sr":1,"ks":{"o":{"a":0,"k":100,"ix":11},"r":{"a":0,"k":0,"ix":10},"p":{"a":0,"k":[407.641,477.862,0],"ix":2},"a":{"a":0,"k":[203.271,197.94,0],"ix":1},"s":{"a":1,"k":[{"i":{"x":[0.667,0.667,0.667],"y":[1,1,1]},"o":{"x":[0.167,0.167,0.167],"y":[0.167,0.167,17.5]},"t":2,"s":[0,0,100]},{"i":{"x":[0.667,0.667,0.667],"y":[1,1,1]},"o":{"x":[0.167,0.167,0.167],"y":[0.167,0.167,-0.833]},"t":8,"s":[105,105,100]},{"t":10,"s":[100,100,100]}],"ix":6}},"ao":0,"ip":0,"op":1920,"st":0,"bm":0},{"ddd":0,"ind":4,"ty":2,"nm":"Capa 3","refId":"image_2","sr":1,"ks":{"o":{"a":0,"k":100,"ix":11},"r":{"a":0,"k":0,"ix":10},"p":{"a":0,"k":[504.393,478.894,0],"ix":2},"a":{"a":0,"k":[166.503,146.908,0],"ix":1},"s":{"a":1,"k":[{"i":{"x":[0.667,0.667,0.667],"y":[1,1,1]},"o":{"x":[0.167,0.167,0.167],"y":[0.167,0.167,17.5]},"t":2,"s":[0,0,100]},{"i":{"x":[0.667,0.667,0.667],"y":[1,1,1]},"o":{"x":[0.167,0.167,0.167],"y":[0.167,0.167,-0.833]},"t":8,"s":[105,105,100]},{"t":10,"s":[100,100,100]}],"ix":6}},"ao":0,"ip":0,"op":1920,"st":0,"bm":0},{"ddd":0,"ind":5,"ty":2,"nm":"Capa 4","refId":"image_3","sr":1,"ks":{"o":{"a":0,"k":100,"ix":11},"r":{"a":0,"k":0,"ix":10},"p":{"a":0,"k":[317.896,375.195,0],"ix":2},"a":{"a":0,"k":[1.944,11.107,0],"ix":1},"s":{"a":1,"k":[{"i":{"x":[0.667,0.667,0.667],"y":[1,1,1]},"o":{"x":[0.167,0.167,0.167],"y":[0.167,0.167,17.5]},"t":2,"s":[0,0,100]},{"i":{"x":[0.667,0.667,0.667],"y":[1,1,1]},"o":{"x":[0.167,0.167,0.167],"y":[0.167,0.167,-0.833]},"t":8,"s":[105,105,100]},{"t":10,"s":[100,100,100]}],"ix":6}},"ao":0,"ip":0,"op":1920,"st":0,"bm":0},{"ddd":0,"ind":6,"ty":2,"nm":"Capa 5","refId":"image_4","sr":1,"ks":{"o":{"a":0,"k":100,"ix":11},"r":{"a":0,"k":0,"ix":10},"p":{"a":0,"k":[294.596,477.12,0],"ix":2},"a":{"a":0,"k":[28.048,131.682,0],"ix":1},"s":{"a":1,"k":[{"i":{"x":[0.667,0.667,0.667],"y":[1,1,1]},"o":{"x":[0.167,0.167,0.167],"y":[0.167,0.167,17.5]},"t":2,"s":[0,0,100]},{"i":{"x":[0.667,0.667,0.667],"y":[1,1,1]},"o":{"x":[0.167,0.167,0.167],"y":[0.167,0.167,-0.833]},"t":8,"s":[105,105,100]},{"t":10,"s":[100,100,100]}],"ix":6}},"ao":0,"ip":0,"op":1920,"st":0,"bm":0},{"ddd":0,"ind":7,"ty":2,"nm":"Capa 6","refId":"image_5","sr":1,"ks":{"o":{"a":0,"k":100,"ix":11},"r":{"a":0,"k":0,"ix":10},"p":{"a":0,"k":[202.172,476.62,0],"ix":2},"a":{"a":0,"k":[31.048,131.182,0],"ix":1},"s":{"a":1,"k":[{"i":{"x":[0.667,0.667,0.667],"y":[1,1,1]},"o":{"x":[0.167,0.167,0.167],"y":[0.167,0.167,17.5]},"t":5,"s":[0,0,100]},{"i":{"x":[0.667,0.667,0.667],"y":[1,1,1]},"o":{"x":[0.167,0.167,0.167],"y":[0.167,0.167,-0.833]},"t":11,"s":[105,105,100]},{"t":13,"s":[100,100,100]}],"ix":6}},"ao":0,"ip":0,"op":1920,"st":0,"bm":0},{"ddd":0,"ind":8,"ty":2,"nm":"Capa 7","refId":"image_6","sr":1,"ks":{"o":{"a":0,"k":100,"ix":11},"r":{"a":0,"k":0,"ix":10},"p":{"a":0,"k":[101.49,476.351,0],"ix":2},"a":{"a":0,"k":[69.881,98.451,0],"ix":1},"s":{"a":1,"k":[{"i":{"x":[0.667,0.667,0.667],"y":[1,1,1]},"o":{"x":[0.167,0.167,0.167],"y":[0.167,0.167,17.5]},"t":7,"s":[0,0,100]},{"i":{"x":[0.667,0.667,0.667],"y":[1,1,1]},"o":{"x":[0.167,0.167,0.167],"y":[0.167,0.167,-0.833]},"t":13,"s":[105,105,100]},{"t":15,"s":[100,100,100]}],"ix":6}},"ao":0,"ip":0,"op":1920,"st":0,"bm":0},{"ddd":0,"ind":9,"ty":2,"nm":"Capa 8","refId":"image_7","sr":1,"ks":{"o":{"a":0,"k":100,"ix":11},"r":{"a":0,"k":0,"ix":10},"p":{"a":0,"k":[667.887,473.969,0],"ix":2},"a":{"a":0,"k":[52.758,145.833,0],"ix":1},"s":{"a":1,"k":[{"i":{"x":[0.667,0.667,0.667],"y":[1,1,1]},"o":{"x":[0.167,0.167,0.167],"y":[0.167,0.167,17.5]},"t":7,"s":[0,0,100]},{"i":{"x":[0.667,0.667,0.667],"y":[1,1,1]},"o":{"x":[0.167,0.167,0.167],"y":[0.167,0.167,-0.833]},"t":13,"s":[105,105,100]},{"t":15,"s":[100,100,100]}],"ix":6}},"ao":0,"ip":0,"op":1920,"st":0,"bm":0},{"ddd":0,"ind":10,"ty":2,"nm":"Capa 9","refId":"image_8","sr":1,"ks":{"o":{"a":0,"k":100,"ix":11},"r":{"a":0,"k":0,"ix":10},"p":{"a":0,"k":[132.791,475.196,0],"ix":2},"a":{"a":0,"k":[63.35,55.606,0],"ix":1},"s":{"a":1,"k":[{"i":{"x":[0.667,0.667,0.667],"y":[1,1,1]},"o":{"x":[0.167,0.167,0.167],"y":[0.167,0.167,17.5]},"t":7,"s":[0,0,100]},{"i":{"x":[0.667,0.667,0.667],"y":[1,1,1]},"o":{"x":[0.167,0.167,0.167],"y":[0.167,0.167,-0.833]},"t":13,"s":[105,105,100]},{"t":15,"s":[100,100,100]}],"ix":6}},"ao":0,"ip":0,"op":1920,"st":0,"bm":0},{"ddd":0,"ind":11,"ty":2,"nm":"Capa 10","refId":"image_9","sr":1,"ks":{"o":{"a":0,"k":100,"ix":11},"r":{"a":0,"k":0,"ix":10},"p":{"a":1,"k":[{"i":{"x":0.833,"y":0.833},"o":{"x":0.167,"y":0.167},"t":0,"s":[375.02,-278.379,0],"to":[0,85.833,0],"ti":[0,-85.833,0]},{"t":4,"s":[375.02,236.621,0]}],"ix":2},"a":{"a":0,"k":[374.98,236.621,0],"ix":1},"s":{"a":0,"k":[100,100,100],"ix":6}},"ao":0,"ip":0,"op":1920,"st":0,"bm":0}]},{"id":"comp_1","layers":[{"ddd":0,"ind":1,"ty":2,"nm":"Capa 5/intro animacion esc 01.ai","cl":"ai","refId":"image_0","sr":1,"ks":{"o":{"a":0,"k":100,"ix":11},"r":{"a":0,"k":0,"ix":10},"p":{"a":0,"k":[130.5,54.5,0],"ix":2},"a":{"a":0,"k":[130.5,54.5,0],"ix":1},"s":{"a":0,"k":[100,100,100],"ix":6}},"ao":0,"ip":0,"op":1920,"st":0,"bm":0}]},{"id":"comp_2","layers":[{"ddd":0,"ind":1,"ty":2,"nm":"Capa 2","refId":"image_10","sr":1,"ks":{"o":{"a":1,"k":[{"i":{"x":[0.667],"y":[1]},"o":{"x":[0.167],"y":[0.167]},"t":0,"s":[0]},{"t":14,"s":[100]}],"ix":11},"r":{"a":0,"k":0,"ix":10},"p":{"a":1,"k":[{"i":{"x":0.833,"y":0.833},"o":{"x":0.167,"y":0.167},"t":5,"s":[162.495,921.07,0],"to":[58.833,0,0],"ti":[-58.833,0,0]},{"t":81,"s":[515.495,921.07,0]}],"ix":2},"a":{"a":0,"k":[105.665,34.02,0],"ix":1},"s":{"a":0,"k":[100,100,100],"ix":6}},"ao":0,"ip":0,"op":1920,"st":0,"bm":0},{"ddd":0,"ind":2,"ty":2,"nm":"Capa 3","refId":"image_11","sr":1,"ks":{"o":{"a":1,"k":[{"i":{"x":[0.667],"y":[1]},"o":{"x":[0.167],"y":[0.167]},"t":0,"s":[0]},{"t":14,"s":[100]}],"ix":11},"r":{"a":0,"k":0,"ix":10},"p":{"a":1,"k":[{"i":{"x":0.833,"y":0.833},"o":{"x":0.167,"y":0.167},"t":21,"s":[309.63,735.84,0],"to":[58.833,0,0],"ti":[-58.833,0,0]},{"t":93,"s":[662.63,735.84,0]}],"ix":2},"a":{"a":0,"k":[63.66,20.56,0],"ix":1},"s":{"a":0,"k":[100,100,100],"ix":6}},"ao":0,"ip":0,"op":1920,"st":0,"bm":0},{"ddd":0,"ind":3,"ty":2,"nm":"Capa 4","refId":"image_12","sr":1,"ks":{"o":{"a":1,"k":[{"i":{"x":[0.667],"y":[1]},"o":{"x":[0.167],"y":[0.167]},"t":0,"s":[0]},{"t":14,"s":[100]}],"ix":11},"r":{"a":0,"k":0,"ix":10},"p":{"a":1,"k":[{"i":{"x":0.833,"y":0.833},"o":{"x":0.167,"y":0.167},"t":5,"s":[473.52,963.405,0],"to":[58.833,0,0],"ti":[-58.833,0,0]},{"t":93,"s":[826.52,963.405,0]}],"ix":2},"a":{"a":0,"k":[29.24,9.535,0],"ix":1},"s":{"a":0,"k":[100,100,100],"ix":6}},"ao":0,"ip":0,"op":1920,"st":0,"bm":0},{"ddd":0,"ind":4,"ty":2,"nm":"Capa 6","refId":"image_13","sr":1,"ks":{"o":{"a":1,"k":[{"i":{"x":[0.667],"y":[1]},"o":{"x":[0.167],"y":[0.167]},"t":0,"s":[0]},{"t":14,"s":[100]}],"ix":11},"r":{"a":0,"k":0,"ix":10},"p":{"a":1,"k":[{"i":{"x":0.833,"y":0.833},"o":{"x":0.167,"y":0.167},"t":5,"s":[508.665,842.593,0],"to":[58.833,0,0],"ti":[-58.833,0,0]},{"t":79,"s":[861.665,842.593,0]}],"ix":2},"a":{"a":0,"k":[91.335,30.407,0],"ix":1},"s":{"a":0,"k":[100,100,100],"ix":6}},"ao":0,"ip":0,"op":1920,"st":0,"bm":0},{"ddd":0,"ind":5,"ty":2,"nm":"Capa 7","refId":"image_14","sr":1,"ks":{"o":{"a":1,"k":[{"i":{"x":[0.667],"y":[1]},"o":{"x":[0.167],"y":[0.167]},"t":0,"s":[0]},{"t":14,"s":[100]}],"ix":11},"r":{"a":0,"k":0,"ix":10},"p":{"a":1,"k":[{"i":{"x":0.833,"y":0.833},"o":{"x":0.167,"y":0.167},"t":15,"s":[353.73,435.576,0],"to":[58.833,0,0],"ti":[-58.833,0,0]},{"t":87,"s":[706.73,435.576,0]}],"ix":2},"a":{"a":0,"k":[103.401,34.424,0],"ix":1},"s":{"a":0,"k":[100,100,100],"ix":6}},"ao":0,"ip":0,"op":1920,"st":0,"bm":0},{"ddd":0,"ind":6,"ty":2,"nm":"Capa 8","refId":"image_15","sr":1,"ks":{"o":{"a":1,"k":[{"i":{"x":[0.667],"y":[1]},"o":{"x":[0.167],"y":[0.167]},"t":0,"s":[0]},{"t":14,"s":[100]}],"ix":11},"r":{"a":0,"k":0,"ix":10},"p":{"a":1,"k":[{"i":{"x":0.833,"y":0.833},"o":{"x":0.167,"y":0.167},"t":15,"s":[2.081,676.71,0],"to":[58.833,0,0],"ti":[-58.833,0,0]},{"t":95,"s":[355.081,676.71,0]}],"ix":2},"a":{"a":0,"k":[67.876,21.734,0],"ix":1},"s":{"a":0,"k":[100,100,100],"ix":6}},"ao":0,"ip":0,"op":1920,"st":0,"bm":0},{"ddd":0,"ind":7,"ty":0,"nm":"auto","refId":"comp_1","sr":1,"ks":{"o":{"a":0,"k":100,"ix":11},"r":{"a":0,"k":0,"ix":10},"p":{"a":1,"k":[{"i":{"x":0.833,"y":0.833},"o":{"x":0.167,"y":0.167},"t":35,"s":[-188.042,1124.683,0],"to":[185,0,0],"ti":[-185,0,0]},{"t":81,"s":[921.958,1124.683,0]}],"ix":2},"a":{"a":0,"k":[130.253,54.074,0],"ix":1},"s":{"a":0,"k":[100,100,100],"ix":6}},"ao":0,"w":261,"h":109,"ip":0,"op":1920,"st":0,"bm":0},{"ddd":0,"ind":8,"ty":2,"nm":"edificio 1","refId":"image_16","sr":1,"ks":{"o":{"a":0,"k":100,"ix":11},"r":{"a":0,"k":0,"ix":10},"p":{"a":0,"k":[372.793,1123.027,0],"ix":2},"a":{"a":0,"k":[201.844,397.409,0],"ix":1},"s":{"a":1,"k":[{"i":{"x":[0.667,0.667,0.667],"y":[1,1,1]},"o":{"x":[0.167,0.167,0.167],"y":[0.167,0.167,17.5]},"t":0,"s":[0,0,100]},{"i":{"x":[0.667,0.667,0.667],"y":[1,1,1]},"o":{"x":[0.167,0.167,0.167],"y":[0.167,0.167,-0.833]},"t":5,"s":[105,105,100]},{"t":7,"s":[100,100,100]}],"ix":6}},"ao":0,"ip":0,"op":1920,"st":0,"bm":0},{"ddd":0,"ind":9,"ty":2,"nm":"edificio 2","refId":"image_17","sr":1,"ks":{"o":{"a":0,"k":100,"ix":11},"r":{"a":0,"k":0,"ix":10},"p":{"a":0,"k":[602.289,1132.488,0],"ix":2},"a":{"a":0,"k":[150.418,167.948,0],"ix":1},"s":{"a":1,"k":[{"i":{"x":[0.667,0.667,0.667],"y":[1,1,1]},"o":{"x":[0.167,0.167,0.167],"y":[0.167,0.167,17.5]},"t":3,"s":[0,0,100]},{"i":{"x":[0.667,0.667,0.667],"y":[1,1,1]},"o":{"x":[0.167,0.167,0.167],"y":[0.167,0.167,-0.833]},"t":8,"s":[105,105,100]},{"t":10,"s":[100,100,100]}],"ix":6}},"ao":0,"ip":0,"op":1920,"st":0,"bm":0},{"ddd":0,"ind":10,"ty":2,"nm":"cesped","refId":"image_18","sr":1,"ks":{"o":{"a":0,"k":100,"ix":11},"r":{"a":0,"k":0,"ix":10},"p":{"a":0,"k":[630.365,1130.814,0],"ix":2},"a":{"a":0,"k":[125.74,51.757,0],"ix":1},"s":{"a":1,"k":[{"i":{"x":[0.667,0.667,0.667],"y":[1,1,1]},"o":{"x":[0.167,0.167,0.167],"y":[0.167,0.167,0]},"t":5,"s":[0,0,100]},{"i":{"x":[0.667,0.667,0.667],"y":[1,1,1]},"o":{"x":[0.167,0.167,0.167],"y":[0.167,0.167,16.667]},"t":10,"s":[105,105,100]},{"t":12,"s":[100,100,100]}],"ix":6}},"ao":0,"ip":0,"op":1920,"st":0,"bm":0},{"ddd":0,"ind":11,"ty":2,"nm":"fondo curva","refId":"image_19","sr":1,"ks":{"o":{"a":0,"k":100,"ix":11},"r":{"a":0,"k":0,"ix":10},"p":{"a":0,"k":[472.333,1128.091,0],"ix":2},"a":{"a":0,"k":[309.263,420.279,0],"ix":1},"s":{"a":1,"k":[{"i":{"x":[0.667,0.667,0.667],"y":[1,1,1]},"o":{"x":[0.167,0.167,0.167],"y":[0.167,0.167,30.556]},"t":0,"s":[0,0,100]},{"i":{"x":[0.667,0.667,0.667],"y":[1,1,1]},"o":{"x":[0.167,0.167,0.167],"y":[0.167,0.167,-13.889]},"t":8.571,"s":[110,110,100]},{"t":12,"s":[100,100,100]}],"ix":6}},"ao":0,"ip":0,"op":1920,"st":0,"bm":0}]}],"layers":[{"ddd":0,"ind":1,"ty":0,"nm":"intro animacion esc 02","refId":"comp_0","sr":1,"ks":{"o":{"a":0,"k":100,"ix":11},"r":{"a":0,"k":0,"ix":10},"p":{"a":0,"k":[375,667,0],"ix":2},"a":{"a":0,"k":[375,667,0],"ix":1},"s":{"a":0,"k":[100,100,100],"ix":6}},"ao":0,"w":750,"h":1334,"ip":103,"op":2023,"st":103,"bm":0},{"ddd":0,"ind":2,"ty":0,"nm":"intro animacion esc 01","refId":"comp_2","sr":1,"ks":{"o":{"a":1,"k":[{"i":{"x":[0.833],"y":[0.833]},"o":{"x":[0.167],"y":[0.167]},"t":92,"s":[100]},{"t":103,"s":[0]}],"ix":11},"r":{"a":0,"k":0,"ix":10},"p":{"a":0,"k":[375,667,0],"ix":2},"a":{"a":0,"k":[375,667,0],"ix":1},"s":{"a":0,"k":[100,100,100],"ix":6}},"ao":0,"w":750,"h":1334,"ip":0,"op":1920,"st":0,"bm":0},{"ddd":0,"ind":3,"ty":4,"nm":"Capa de formas 1","sr":1,"ks":{"o":{"a":0,"k":100,"ix":11},"r":{"a":0,"k":0,"ix":10},"p":{"a":0,"k":[375,667,0],"ix":2},"a":{"a":0,"k":[0,0,0],"ix":1},"s":{"a":0,"k":[100,100,100],"ix":6}},"ao":0,"shapes":[{"ty":"gr","it":[{"ty":"rc","d":1,"s":{"a":0,"k":[750,1334],"ix":2},"p":{"a":0,"k":[0,0],"ix":3},"r":{"a":0,"k":0,"ix":4},"nm":"Trazado de rectángulo 1","mn":"ADBE Vector Shape - Rect","hd":false},{"ty":"fl","c":{"a":0,"k":[1,1,1,1],"ix":4},"o":{"a":0,"k":100,"ix":5},"r":1,"bm":0,"nm":"Relleno 1","mn":"ADBE Vector Graphic - Fill","hd":false},{"ty":"tr","p":{"a":0,"k":[0,0],"ix":2},"a":{"a":0,"k":[0,0],"ix":1},"s":{"a":0,"k":[100,100],"ix":3},"r":{"a":0,"k":0,"ix":6},"o":{"a":0,"k":100,"ix":7},"sk":{"a":0,"k":0,"ix":4},"sa":{"a":0,"k":0,"ix":5},"nm":"Transformar"}],"nm":"Rectángulo 1","np":3,"cix":2,"bm":0,"ix":1,"mn":"ADBE Vector Group","hd":false}],"ip":0,"op":240,"st":0,"bm":0}],"markers":[]}