{"v":"5.3.4","fr":59.9400024414062,"ip":0,"op":150.000006109625,"w":1200,"h":1200,"nm":"qr code scanning","ddd":0,"assets":[],"layers":[{"ddd":0,"ind":1,"ty":4,"nm":"scanner","sr":1,"ks":{"o":{"a":0,"k":100,"ix":11},"r":{"a":0,"k":0,"ix":10},"p":{"a":1,"k":[{"i":{"x":0.833,"y":0.833},"o":{"x":0.167,"y":0.167},"n":"0p833_0p833_0p167_0p167","t":0,"s":[600.031,907.875,0],"e":[600.031,307.875,0],"to":[0,-100,0],"ti":[0,100,0]},{"i":{"x":0.833,"y":0.833},"o":{"x":0.167,"y":0.167},"n":"0p833_0p833_0p167_0p167","t":55.875,"s":[600.031,307.875,0],"e":[600.031,307.875,0],"to":[0,0,0],"ti":[0,0,0]},{"i":{"x":0.833,"y":0.833},"o":{"x":0.167,"y":0.167},"n":"0p833_0p833_0p167_0p167","t":74.5,"s":[600.031,307.875,0],"e":[600.031,907.875,0],"to":[0,100,0],"ti":[0,-100,0]},{"i":{"x":0.833,"y":0.833},"o":{"x":0.167,"y":0.167},"n":"0p833_0p833_0p167_0p167","t":130.375,"s":[600.031,907.875,0],"e":[600.031,907.875,0],"to":[0,0,0],"ti":[0,0,0]},{"t":149.000006068894}],"ix":2},"a":{"a":0,"k":[0,0,0],"ix":1},"s":{"a":0,"k":[100,100,100],"ix":6}},"ao":0,"shapes":[{"ty":"gr","it":[{"ty":"rc","d":1,"s":{"a":0,"k":[600,40],"ix":2},"p":{"a":0,"k":[0,0],"ix":3},"r":{"a":0,"k":20,"ix":4},"nm":"Rectangle Path 1","mn":"ADBE Vector Shape - Rect","hd":false},{"ty":"st","c":{"a":0,"k":[1,1,1,1],"ix":3},"o":{"a":0,"k":100,"ix":4},"w":{"a":0,"k":6,"ix":5},"lc":1,"lj":1,"ml":4,"ml2":{"a":0,"k":4,"ix":8},"nm":"Stroke 1","mn":"ADBE Vector Graphic - Stroke","hd":false},{"ty":"fl","c":{"a":0,"k":[0.945098042488,0.949019610882,0.964705884457,1],"ix":4},"o":{"a":0,"k":100,"ix":5},"r":1,"nm":"Fill 1","mn":"ADBE Vector Graphic - Fill","hd":false},{"ty":"tr","p":{"a":0,"k":[-0.031,-7.875],"ix":2},"a":{"a":0,"k":[0,0],"ix":1},"s":{"a":0,"k":[100,100],"ix":3},"r":{"a":0,"k":0,"ix":6},"o":{"a":0,"k":100,"ix":7},"sk":{"a":0,"k":0,"ix":4},"sa":{"a":0,"k":0,"ix":5},"nm":"Transform"}],"nm":"Rectangle 1","np":3,"cix":2,"ix":1,"mn":"ADBE Vector Group","hd":false}],"ip":0,"op":150.000006109625,"st":0,"bm":0},{"ddd":0,"ind":2,"ty":4,"nm":"scan light","sr":1,"ks":{"o":{"a":0,"k":100,"ix":11},"r":{"a":0,"k":0,"ix":10},"p":{"a":1,"k":[{"i":{"x":0.833,"y":0.833},"o":{"x":0.167,"y":0.167},"n":"0p833_0p833_0p167_0p167","t":0,"s":[600,900,0],"e":[600,300,0],"to":[0,-100,0],"ti":[0,100,0]},{"i":{"x":0.833,"y":0.833},"o":{"x":0.167,"y":0.167},"n":"0p833_0p833_0p167_0p167","t":55.875,"s":[600,300,0],"e":[600,300,0],"to":[0,0,0],"ti":[0,0,0]},{"i":{"x":0.833,"y":0.833},"o":{"x":0.167,"y":0.167},"n":"0p833_0p833_0p167_0p167","t":74.5,"s":[600,300,0],"e":[600,900,0],"to":[0,100,0],"ti":[0,-100,0]},{"i":{"x":0.833,"y":0.833},"o":{"x":0.167,"y":0.167},"n":"0p833_0p833_0p167_0p167","t":130.375,"s":[600,900,0],"e":[600,900,0],"to":[0,0,0],"ti":[0,0,0]},{"t":149.000006068894}],"ix":2},"a":{"a":0,"k":[0,0,0],"ix":1},"s":{"a":0,"k":[100,100,100],"ix":6}},"ao":0,"shapes":[{"ty":"gr","it":[{"ind":0,"ty":"sh","ix":1,"ks":{"a":0,"k":{"i":[[0,0],[2.5,2.5],[0,0],[0,0]],"o":[[0,0],[-2.5,-2.5],[0,0],[0,0]],"v":[[290,0],[-290,0],[-197,115],[195,115]],"c":true},"ix":2},"nm":"Path 1","mn":"ADBE Vector Shape - Group","hd":false},{"ty":"gf","o":{"a":0,"k":100,"ix":10},"r":1,"g":{"p":3,"k":{"a":0,"k":[0,0.925,0.8,0.408,0.5,0.925,0.8,0.408,1,0.925,0.8,0.408,0,1,0.5,0.5,1,0],"ix":9}},"s":{"a":0,"k":[0,0],"ix":5},"e":{"a":0,"k":[0,100],"ix":6},"t":1,"nm":"Gradient Fill 1","mn":"ADBE Vector Graphic - G-Fill","hd":false},{"ty":"tr","p":{"a":0,"k":[0,0],"ix":2},"a":{"a":0,"k":[0,0],"ix":1},"s":{"a":1,"k":[{"i":{"x":[0.833,0.833],"y":[0.833,0.833]},"o":{"x":[0.167,0.167],"y":[0.167,0.167]},"n":["0p833_0p833_0p167_0p167","0p833_0p833_0p167_0p167"],"t":55.875,"s":[100,-100],"e":[100,100]},{"i":{"x":[0.833,0.833],"y":[0.833,0.833]},"o":{"x":[0.167,0.167],"y":[0.167,0.167]},"n":["0p833_0p833_0p167_0p167","0p833_0p833_0p167_0p167"],"t":74.5,"s":[100,100],"e":[100,100]},{"i":{"x":[0.833,0.833],"y":[0.833,0.833]},"o":{"x":[0.167,0.167],"y":[0.167,0.167]},"n":["0p833_0p833_0p167_0p167","0p833_0p833_0p167_0p167"],"t":130.375,"s":[100,100],"e":[100,-100]},{"t":149.000006068894}],"ix":3},"r":{"a":0,"k":0,"ix":6},"o":{"a":0,"k":100,"ix":7},"sk":{"a":0,"k":0,"ix":4},"sa":{"a":0,"k":0,"ix":5},"nm":"Transform"}],"nm":"Shape 1","np":2,"cix":2,"ix":1,"mn":"ADBE Vector Group","hd":false}],"ip":0,"op":150.000006109625,"st":0,"bm":0},{"ddd":0,"ind":3,"ty":4,"nm":"qr-code Outlines 2","sr":1,"ks":{"o":{"a":0,"k":100,"ix":11},"r":{"a":0,"k":0,"ix":10},"p":{"a":0,"k":[600,600,0],"ix":2},"a":{"a":0,"k":[256,256,0],"ix":1},"s":{"a":0,"k":[100,100,100],"ix":6}},"ao":0,"hasMask":true,"masksProperties":[{"inv":false,"mode":"a","pt":{"a":1,"k":[{"i":{"x":0.833,"y":0.833},"o":{"x":0.167,"y":0.167},"n":"0p833_0p833_0p167_0p167","t":0,"s":[{"i":[[0,0],[0,0],[0,0],[0,0]],"o":[[0,0],[0,0],[0,0],[0,0]],"v":[[0,512],[0,512],[512,512],[512,512]],"c":true}],"e":[{"i":[[0,0],[0,0],[0,0],[0,0]],"o":[[0,0],[0,0],[0,0],[0,0]],"v":[[0,0],[0,512],[512,512],[512,0]],"c":true}]},{"i":{"x":0.833,"y":0.833},"o":{"x":0.167,"y":0.167},"n":"0p833_0p833_0p167_0p167","t":56,"s":[{"i":[[0,0],[0,0],[0,0],[0,0]],"o":[[0,0],[0,0],[0,0],[0,0]],"v":[[0,0],[0,512],[512,512],[512,0]],"c":true}],"e":[{"i":[[0,0],[0,0],[0,0],[0,0]],"o":[[0,0],[0,0],[0,0],[0,0]],"v":[[0,0],[0,512],[512,512],[512,0]],"c":true}]},{"i":{"x":0.833,"y":0.833},"o":{"x":0.167,"y":0.167},"n":"0p833_0p833_0p167_0p167","t":75,"s":[{"i":[[0,0],[0,0],[0,0],[0,0]],"o":[[0,0],[0,0],[0,0],[0,0]],"v":[[0,0],[0,512],[512,512],[512,0]],"c":true}],"e":[{"i":[[0,0],[0,0],[0,0],[0,0]],"o":[[0,0],[0,0],[0,0],[0,0]],"v":[[0,542],[0,542],[512,542],[512,542]],"c":true}]},{"t":130.000005295009}],"ix":1},"o":{"a":0,"k":100,"ix":3},"x":{"a":0,"k":0,"ix":4},"nm":"Mask 1"}],"shapes":[{"ty":"gr","it":[{"ind":0,"ty":"sh","ix":1,"ks":{"a":0,"k":{"i":[[9.767,0],[0,0],[0,-9.769],[0,0],[-9.767,0],[0,0],[0,9.769],[0,0]],"o":[[0,0],[-9.767,0],[0,0],[0,9.769],[0,0],[9.767,0],[0,0],[0,-9.768]],"v":[[23.449,-41.163],[-23.449,-41.163],[-41.162,-23.448],[-41.162,23.448],[-23.449,41.162],[23.449,41.162],[41.162,23.448],[41.162,-23.448]],"c":true},"ix":2},"nm":"Path 1","mn":"ADBE Vector Shape - Group","hd":false},{"ty":"fl","c":{"a":0,"k":[0.6745098039215687,0.6745098039215687,0.6745098039215687,1],"ix":4},"o":{"a":0,"k":100,"ix":5},"r":1,"nm":"Fill 1","mn":"ADBE Vector Graphic - Fill","hd":false},{"ty":"tr","p":{"a":0,"k":[149.289,362.228],"ix":2},"a":{"a":0,"k":[0,0],"ix":1},"s":{"a":0,"k":[100,100],"ix":3},"r":{"a":0,"k":0,"ix":6},"o":{"a":0,"k":100,"ix":7},"sk":{"a":0,"k":0,"ix":4},"sa":{"a":0,"k":0,"ix":5},"nm":"Transform"}],"nm":"Group 1","np":2,"cix":2,"ix":1,"mn":"ADBE Vector Group","hd":false},{"ty":"gr","it":[{"ind":0,"ty":"sh","ix":1,"ks":{"a":0,"k":{"i":[[9.769,0],[0,0],[0,-9.767],[0,0],[-9.768,0],[0,0],[0,9.768],[0,0]],"o":[[0,0],[-9.768,0],[0,0],[0,9.768],[0,0],[9.769,0],[0,0],[0,-9.767]],"v":[[23.448,-41.163],[-23.449,-41.163],[-41.162,-23.449],[-41.162,23.449],[-23.449,41.163],[23.448,41.163],[41.162,23.449],[41.162,-23.449]],"c":true},"ix":2},"nm":"Path 1","mn":"ADBE Vector Shape - Group","hd":false},{"ty":"fl","c":{"a":0,"k":[0.6745098039215687,0.6745098039215687,0.6745098039215687,1],"ix":4},"o":{"a":0,"k":100,"ix":5},"r":1,"nm":"Fill 1","mn":"ADBE Vector Graphic - Fill","hd":false},{"ty":"tr","p":{"a":0,"k":[362.145,149.865],"ix":2},"a":{"a":0,"k":[0,0],"ix":1},"s":{"a":0,"k":[100,100],"ix":3},"r":{"a":0,"k":0,"ix":6},"o":{"a":0,"k":100,"ix":7},"sk":{"a":0,"k":0,"ix":4},"sa":{"a":0,"k":0,"ix":5},"nm":"Transform"}],"nm":"Group 2","np":2,"cix":2,"ix":2,"mn":"ADBE Vector Group","hd":false},{"ty":"gr","it":[{"ind":0,"ty":"sh","ix":1,"ks":{"a":0,"k":{"i":[[9.767,0],[0,0],[0,-9.767],[0,0],[-9.767,0],[0,0],[0,9.768],[0,0]],"o":[[0,0],[-9.767,0],[0,0],[0,9.768],[0,0],[9.767,0],[0,0],[0,-9.767]],"v":[[23.449,-41.163],[-23.449,-41.163],[-41.162,-23.449],[-41.162,23.449],[-23.449,41.163],[23.449,41.163],[41.162,23.449],[41.162,-23.449]],"c":true},"ix":2},"nm":"Path 1","mn":"ADBE Vector Shape - Group","hd":false},{"ty":"fl","c":{"a":0,"k":[0.6745098039215687,0.6745098039215687,0.6745098039215687,1],"ix":4},"o":{"a":0,"k":100,"ix":5},"r":1,"nm":"Fill 1","mn":"ADBE Vector Graphic - Fill","hd":false},{"ty":"tr","p":{"a":0,"k":[149.289,149.865],"ix":2},"a":{"a":0,"k":[0,0],"ix":1},"s":{"a":0,"k":[100,100],"ix":3},"r":{"a":0,"k":0,"ix":6},"o":{"a":0,"k":100,"ix":7},"sk":{"a":0,"k":0,"ix":4},"sa":{"a":0,"k":0,"ix":5},"nm":"Transform"}],"nm":"Group 3","np":2,"cix":2,"ix":3,"mn":"ADBE Vector Group","hd":false},{"ty":"gr","it":[{"ind":0,"ty":"sh","ix":1,"ks":{"a":0,"k":{"i":[[0,8.284],[8.284,0],[0,0],[0,-8.284],[-8.284,0],[0,0]],"o":[[0,-8.284],[0,0],[-8.284,0],[0,8.283],[0,0],[8.284,0]],"v":[[43.458,0],[28.458,-15],[-28.458,-15],[-43.458,0],[-28.458,15],[28.458,15]],"c":true},"ix":2},"nm":"Path 1","mn":"ADBE Vector Shape - Group","hd":false},{"ty":"fl","c":{"a":0,"k":[0.6745098039215687,0.6745098039215687,0.6745098039215687,1],"ix":4},"o":{"a":0,"k":100,"ix":5},"r":1,"nm":"Fill 1","mn":"ADBE Vector Graphic - Fill","hd":false},{"ty":"tr","p":{"a":0,"k":[315.68,437.15],"ix":2},"a":{"a":0,"k":[0,0],"ix":1},"s":{"a":0,"k":[100,100],"ix":3},"r":{"a":0,"k":0,"ix":6},"o":{"a":0,"k":100,"ix":7},"sk":{"a":0,"k":0,"ix":4},"sa":{"a":0,"k":0,"ix":5},"nm":"Transform"}],"nm":"Group 4","np":2,"cix":2,"ix":4,"mn":"ADBE Vector Group","hd":false},{"ty":"gr","it":[{"ind":0,"ty":"sh","ix":1,"ks":{"a":0,"k":{"i":[[-8.284,0],[0,8.284],[0,0],[8.283,0],[0,-8.283],[0,0]],"o":[[8.283,0],[0,0],[0,-8.283],[-8.284,0],[0,0],[0,8.285]],"v":[[0,38.021],[15,23.021],[15,-23.021],[0,-38.021],[-15,-23.021],[-15,23.021]],"c":true},"ix":2},"nm":"Path 1","mn":"ADBE Vector Shape - Group","hd":false},{"ty":"fl","c":{"a":0,"k":[0.6745098039215687,0.6745098039215687,0.6745098039215687,1],"ix":4},"o":{"a":0,"k":100,"ix":5},"r":1,"nm":"Fill 1","mn":"ADBE Vector Graphic - Fill","hd":false},{"ty":"tr","p":{"a":0,"k":[437.066,313.958],"ix":2},"a":{"a":0,"k":[0,0],"ix":1},"s":{"a":0,"k":[100,100],"ix":3},"r":{"a":0,"k":0,"ix":6},"o":{"a":0,"k":100,"ix":7},"sk":{"a":0,"k":0,"ix":4},"sa":{"a":0,"k":0,"ix":5},"nm":"Transform"}],"nm":"Group 5","np":2,"cix":2,"ix":5,"mn":"ADBE Vector Group","hd":false},{"ty":"gr","it":[{"ind":0,"ty":"sh","ix":1,"ks":{"a":0,"k":{"i":[[-8.284,0],[0,0],[0,0],[0,0],[0,-8.283],[-8.284,0],[0,0],[0,8.873],[0,0],[10.435,0],[0,0],[0,-8.283]],"o":[[0,0],[0,0],[0,0],[-8.284,0],[0,8.284],[0,0],[8.874,0],[0,0],[0,-10.435],[0,0],[-8.284,0],[0,8.284]],"v":[[-53.124,-33.021],[38.125,-33.021],[38.125,33.021],[0,33.021],[-15,48.021],[0,63.021],[52.032,63.021],[68.124,46.928],[68.124,-44.098],[49.202,-63.021],[-53.124,-63.021],[-68.124,-48.021]],"c":true},"ix":2},"nm":"Path 1","mn":"ADBE Vector Shape - Group","hd":false},{"ty":"fl","c":{"a":0,"k":[0.6745098039215687,0.6745098039215687,0.6745098039215687,1],"ix":4},"o":{"a":0,"k":100,"ix":5},"r":1,"nm":"Fill 1","mn":"ADBE Vector Graphic - Fill","hd":false},{"ty":"tr","p":{"a":0,"k":[340.346,338.958],"ix":2},"a":{"a":0,"k":[0,0],"ix":1},"s":{"a":0,"k":[100,100],"ix":3},"r":{"a":0,"k":0,"ix":6},"o":{"a":0,"k":100,"ix":7},"sk":{"a":0,"k":0,"ix":4},"sa":{"a":0,"k":0,"ix":5},"nm":"Transform"}],"nm":"Group 6","np":2,"cix":2,"ix":6,"mn":"ADBE Vector Group","hd":false},{"ty":"gr","it":[{"ind":0,"ty":"sh","ix":1,"ks":{"a":0,"k":{"i":[[0,8.285],[8.284,0],[0,0],[0,-10.435],[0,0],[-8.284,0],[0,8.284],[0,0],[0,0]],"o":[[0,-8.283],[0,0],[-10.433,0],[0,0],[0,8.284],[8.284,0],[0,0],[0,0],[8.284,0]],"v":[[35,-25],[20,-40],[-16.079,-40],[-35,-21.077],[-35,25],[-20,40],[-5,25],[-5,-10],[20,-10]],"c":true},"ix":2},"nm":"Path 1","mn":"ADBE Vector Shape - Group","hd":false},{"ty":"fl","c":{"a":0,"k":[0.6745098039215687,0.6745098039215687,0.6745098039215687,1],"ix":4},"o":{"a":0,"k":100,"ix":5},"r":1,"nm":"Fill 1","mn":"ADBE Vector Graphic - Fill","hd":false},{"ty":"tr","p":{"a":0,"k":[311.138,361.979],"ix":2},"a":{"a":0,"k":[0,0],"ix":1},"s":{"a":0,"k":[100,100],"ix":3},"r":{"a":0,"k":0,"ix":6},"o":{"a":0,"k":100,"ix":7},"sk":{"a":0,"k":0,"ix":4},"sa":{"a":0,"k":0,"ix":5},"nm":"Transform"}],"nm":"Group 7","np":2,"cix":2,"ix":7,"mn":"ADBE Vector Group","hd":false},{"ty":"gr","it":[{"ind":0,"ty":"sh","ix":1,"ks":{"a":0,"k":{"i":[[0,-8.284],[-8.284,0],[0,0],[0,10.275],[0,0],[8.285,0],[0,-8.283],[0,0],[0,0]],"o":[[0,8.283],[0,0],[10.273,0],[0,0],[0,-8.283],[-8.283,0],[0,0],[0,0],[-8.285,0]],"v":[[-41.552,25.086],[-26.552,40.086],[22.922,40.086],[41.552,21.453],[41.552,-25.086],[26.552,-40.086],[11.552,-25.086],[11.552,10.086],[-26.552,10.086]],"c":true},"ix":2},"nm":"Path 1","mn":"ADBE Vector Shape - Group","hd":false},{"ty":"fl","c":{"a":0,"k":[0.6745098039215687,0.6745098039215687,0.6745098039215687,1],"ix":4},"o":{"a":0,"k":100,"ix":5},"r":1,"nm":"Fill 1","mn":"ADBE Vector Graphic - Fill","hd":false},{"ty":"tr","p":{"a":0,"k":[410.797,412.064],"ix":2},"a":{"a":0,"k":[0,0],"ix":1},"s":{"a":0,"k":[100,100],"ix":3},"r":{"a":0,"k":0,"ix":6},"o":{"a":0,"k":100,"ix":7},"sk":{"a":0,"k":0,"ix":4},"sa":{"a":0,"k":0,"ix":5},"nm":"Transform"}],"nm":"Group 8","np":2,"cix":2,"ix":8,"mn":"ADBE Vector Group","hd":false},{"ty":"gr","it":[{"ind":0,"ty":"sh","ix":1,"ks":{"a":0,"k":{"i":[[33.103,0],[0,0],[0,-8.284],[-8.283,0],[0,0],[0,-16.559],[0,0],[-8.284,0],[0,8.284],[0,0]],"o":[[0,0],[-8.283,0],[0,8.284],[0,0],[16.561,0],[0,0],[0,8.284],[8.284,0],[0,0],[0,-33.101]],"v":[[19.688,-79.943],[-64.72,-79.943],[-79.72,-64.943],[-64.72,-49.943],[19.688,-49.943],[49.72,-19.911],[49.72,64.943],[64.72,79.943],[79.72,64.943],[79.72,-19.911]],"c":true},"ix":2},"nm":"Path 1","mn":"ADBE Vector Shape - Group","hd":false},{"ty":"fl","c":{"a":0,"k":[0.6745098039215687,0.6745098039215687,0.6745098039215687,1],"ix":4},"o":{"a":0,"k":100,"ix":5},"r":1,"nm":"Fill 1","mn":"ADBE Vector Graphic - Fill","hd":false},{"ty":"tr","p":{"a":0,"k":[432.28,79.943],"ix":2},"a":{"a":0,"k":[0,0],"ix":1},"s":{"a":0,"k":[100,100],"ix":3},"r":{"a":0,"k":0,"ix":6},"o":{"a":0,"k":100,"ix":7},"sk":{"a":0,"k":0,"ix":4},"sa":{"a":0,"k":0,"ix":5},"nm":"Transform"}],"nm":"Group 9","np":2,"cix":2,"ix":9,"mn":"ADBE Vector Group","hd":false},{"ty":"gr","it":[{"ind":0,"ty":"sh","ix":1,"ks":{"a":0,"k":{"i":[[8.284,0],[0,-8.283],[0,0],[16.56,0],[0,0],[0,-8.284],[-8.284,0],[0,0],[0,33.102],[0,0]],"o":[[-8.284,0],[0,0],[0,16.561],[0,0],[-8.284,0],[0,8.285],[0,0],[33.102,0],[0,0],[0,-8.284]],"v":[[64.72,-79.803],[49.72,-64.803],[49.72,19.772],[19.688,49.803],[-64.72,49.803],[-79.72,64.803],[-64.72,79.803],[19.688,79.803],[79.72,19.772],[79.72,-64.803]],"c":true},"ix":2},"nm":"Path 1","mn":"ADBE Vector Shape - Group","hd":false},{"ty":"fl","c":{"a":0,"k":[0.6745098039215687,0.6745098039215687,0.6745098039215687,1],"ix":4},"o":{"a":0,"k":100,"ix":5},"r":1,"nm":"Fill 1","mn":"ADBE Vector Graphic - Fill","hd":false},{"ty":"tr","p":{"a":0,"k":[432.28,432.197],"ix":2},"a":{"a":0,"k":[0,0],"ix":1},"s":{"a":0,"k":[100,100],"ix":3},"r":{"a":0,"k":0,"ix":6},"o":{"a":0,"k":100,"ix":7},"sk":{"a":0,"k":0,"ix":4},"sa":{"a":0,"k":0,"ix":5},"nm":"Transform"}],"nm":"Group 10","np":2,"cix":2,"ix":10,"mn":"ADBE Vector Group","hd":false},{"ty":"gr","it":[{"ind":0,"ty":"sh","ix":1,"ks":{"a":0,"k":{"i":[[8.284,0],[0,0],[0,16.559],[0,0],[8.284,0],[0,-8.284],[0,0],[-33.102,0],[0,0],[0,8.284]],"o":[[0,0],[-16.56,0],[0,0],[0,-8.284],[-8.284,0],[0,0],[0,33.101],[0,0],[8.284,0],[0,-8.284]],"v":[[64.75,49.803],[-19.718,49.803],[-49.75,19.772],[-49.75,-64.803],[-64.75,-79.803],[-79.75,-64.803],[-79.75,19.772],[-19.718,79.803],[64.75,79.803],[79.75,64.803]],"c":true},"ix":2},"nm":"Path 1","mn":"ADBE Vector Shape - Group","hd":false},{"ty":"fl","c":{"a":0,"k":[0.6745098039215687,0.6745098039215687,0.6745098039215687,1],"ix":4},"o":{"a":0,"k":100,"ix":5},"r":1,"nm":"Fill 1","mn":"ADBE Vector Graphic - Fill","hd":false},{"ty":"tr","p":{"a":0,"k":[79.75,432.197],"ix":2},"a":{"a":0,"k":[0,0],"ix":1},"s":{"a":0,"k":[100,100],"ix":3},"r":{"a":0,"k":0,"ix":6},"o":{"a":0,"k":100,"ix":7},"sk":{"a":0,"k":0,"ix":4},"sa":{"a":0,"k":0,"ix":5},"nm":"Transform"}],"nm":"Group 11","np":2,"cix":2,"ix":11,"mn":"ADBE Vector Group","hd":false},{"ty":"gr","it":[{"ind":0,"ty":"sh","ix":1,"ks":{"a":0,"k":{"i":[[8.284,0],[0,0],[0,-33.101],[0,0],[-8.284,0],[0,8.284],[0,0],[-16.56,0],[0,0],[0,8.284]],"o":[[0,0],[-33.102,0],[0,0],[0,8.284],[8.284,0],[0,0],[0,-16.559],[0,0],[8.284,0],[0,-8.284]],"v":[[64.75,-79.943],[-19.718,-79.943],[-79.75,-19.911],[-79.75,64.943],[-64.75,79.943],[-49.75,64.943],[-49.75,-19.911],[-19.718,-49.943],[64.75,-49.943],[79.75,-64.943]],"c":true},"ix":2},"nm":"Path 1","mn":"ADBE Vector Shape - Group","hd":false},{"ty":"fl","c":{"a":0,"k":[0.6745098039215687,0.6745098039215687,0.6745098039215687,1],"ix":4},"o":{"a":0,"k":100,"ix":5},"r":1,"nm":"Fill 1","mn":"ADBE Vector Graphic - Fill","hd":false},{"ty":"tr","p":{"a":0,"k":[79.75,79.943],"ix":2},"a":{"a":0,"k":[0,0],"ix":1},"s":{"a":0,"k":[100,100],"ix":3},"r":{"a":0,"k":0,"ix":6},"o":{"a":0,"k":100,"ix":7},"sk":{"a":0,"k":0,"ix":4},"sa":{"a":0,"k":0,"ix":5},"nm":"Transform"}],"nm":"Group 12","np":2,"cix":2,"ix":12,"mn":"ADBE Vector Group","hd":false},{"ty":"gr","it":[{"ind":0,"ty":"sh","ix":1,"ks":{"a":0,"k":{"i":[[10.274,0],[0,0],[0,-10.275],[0,0],[-10.274,0],[0,0],[0,10.274],[0,0]],"o":[[0,0],[-10.273,0],[0,0],[0,10.273],[0,0],[10.273,0],[0,0],[0,-10.275]],"v":[[71.29,-89.923],[-71.29,-89.923],[-89.922,-71.289],[-89.922,71.29],[-71.29,89.923],[71.29,89.923],[89.922,71.29],[89.922,-71.289]],"c":true},"ix":2},"nm":"Path 1","mn":"ADBE Vector Shape - Group","hd":false},{"ty":"fl","c":{"a":0,"k":[0.6745098039215687,0.6745098039215687,0.6745098039215687,1],"ix":4},"o":{"a":0,"k":100,"ix":5},"r":1,"nm":"Fill 1","mn":"ADBE Vector Graphic - Fill","hd":false},{"ty":"tr","p":{"a":0,"k":[149.572,362.229],"ix":2},"a":{"a":0,"k":[0,0],"ix":1},"s":{"a":0,"k":[100,100],"ix":3},"r":{"a":0,"k":0,"ix":6},"o":{"a":0,"k":100,"ix":7},"sk":{"a":0,"k":0,"ix":4},"sa":{"a":0,"k":0,"ix":5},"nm":"Transform"}],"nm":"Group 13","np":2,"cix":2,"ix":13,"mn":"ADBE Vector Group","hd":false},{"ty":"gr","it":[{"ind":0,"ty":"sh","ix":1,"ks":{"a":0,"k":{"i":[[10.274,0],[0,0],[0,-10.274],[0,0],[-10.274,0],[0,0],[0,10.274],[0,0]],"o":[[0,0],[-10.273,0],[0,0],[0,10.273],[0,0],[10.273,0],[0,0],[0,-10.273]],"v":[[71.289,-89.922],[-71.291,-89.922],[-89.923,-71.29],[-89.923,71.29],[-71.291,89.922],[71.289,89.922],[89.922,71.29],[89.922,-71.29]],"c":true},"ix":2},"nm":"Path 1","mn":"ADBE Vector Shape - Group","hd":false},{"ty":"fl","c":{"a":0,"k":[0.6745098039215687,0.6745098039215687,0.6745098039215687,1],"ix":4},"o":{"a":0,"k":100,"ix":5},"r":1,"nm":"Fill 1","mn":"ADBE Vector Graphic - Fill","hd":false},{"ty":"tr","p":{"a":0,"k":[362.144,149.864],"ix":2},"a":{"a":0,"k":[0,0],"ix":1},"s":{"a":0,"k":[100,100],"ix":3},"r":{"a":0,"k":0,"ix":6},"o":{"a":0,"k":100,"ix":7},"sk":{"a":0,"k":0,"ix":4},"sa":{"a":0,"k":0,"ix":5},"nm":"Transform"}],"nm":"Group 14","np":2,"cix":2,"ix":14,"mn":"ADBE Vector Group","hd":false},{"ty":"gr","it":[{"ind":0,"ty":"sh","ix":1,"ks":{"a":0,"k":{"i":[[-10.274,0],[0,0],[0,10.274],[0,0],[10.274,0],[0,0],[0,-10.274],[0,0]],"o":[[0,0],[10.273,0],[0,0],[0,-10.273],[0,0],[-10.273,0],[0,0],[0,10.274]],"v":[[-71.29,89.922],[71.29,89.922],[89.922,71.29],[89.922,-71.29],[71.29,-89.922],[-71.29,-89.922],[-89.922,-71.29],[-89.922,71.29]],"c":true},"ix":2},"nm":"Path 1","mn":"ADBE Vector Shape - Group","hd":false},{"ty":"fl","c":{"a":0,"k":[0.6745098039215687,0.6745098039215687,0.6745098039215687,1],"ix":4},"o":{"a":0,"k":100,"ix":5},"r":1,"nm":"Fill 1","mn":"ADBE Vector Graphic - Fill","hd":false},{"ty":"tr","p":{"a":0,"k":[149.289,149.864],"ix":2},"a":{"a":0,"k":[0,0],"ix":1},"s":{"a":0,"k":[100,100],"ix":3},"r":{"a":0,"k":0,"ix":6},"o":{"a":0,"k":100,"ix":7},"sk":{"a":0,"k":0,"ix":4},"sa":{"a":0,"k":0,"ix":5},"nm":"Transform"}],"nm":"Group 15","np":2,"cix":2,"ix":15,"mn":"ADBE Vector Group","hd":false}],"ip":0,"op":150.000006109625,"st":0,"bm":0},{"ddd":0,"ind":4,"ty":4,"nm":"qr-code Outlines","sr":1,"ks":{"o":{"a":0,"k":30,"ix":11},"r":{"a":0,"k":0,"ix":10},"p":{"a":0,"k":[600,600,0],"ix":2},"a":{"a":0,"k":[256,256,0],"ix":1},"s":{"a":0,"k":[100,100,100],"ix":6}},"ao":0,"ef":[{"ty":5,"nm":"Black & White","np":10,"mn":"ADBE Black&White","ix":1,"en":1,"ef":[{"ty":0,"nm":"Reds","mn":"ADBE Black&White-0001","ix":1,"v":{"a":0,"k":40,"ix":1}},{"ty":0,"nm":"Yellows","mn":"ADBE Black&White-0002","ix":2,"v":{"a":0,"k":60,"ix":2}},{"ty":0,"nm":"Greens","mn":"ADBE Black&White-0003","ix":3,"v":{"a":0,"k":40,"ix":3}},{"ty":0,"nm":"Cyans","mn":"ADBE Black&White-0004","ix":4,"v":{"a":0,"k":60,"ix":4}},{"ty":0,"nm":"Blues","mn":"ADBE Black&White-0005","ix":5,"v":{"a":0,"k":20,"ix":5}},{"ty":0,"nm":"Magentas","mn":"ADBE Black&White-0006","ix":6,"v":{"a":0,"k":80,"ix":6}},{"ty":7,"nm":"Tint:","mn":"ADBE Black&White-0007","ix":7,"v":{"a":0,"k":0,"ix":7}},{"ty":2,"nm":"Tint Color","mn":"ADBE Black&White-0008","ix":8,"v":{"a":0,"k":[0.882352941176,0.827450980392,0.701960784314,1],"ix":8}}]}],"shapes":[{"ty":"gr","it":[{"ind":0,"ty":"sh","ix":1,"ks":{"a":0,"k":{"i":[[9.767,0],[0,0],[0,-9.769],[0,0],[-9.767,0],[0,0],[0,9.769],[0,0]],"o":[[0,0],[-9.767,0],[0,0],[0,9.769],[0,0],[9.767,0],[0,0],[0,-9.768]],"v":[[23.449,-41.163],[-23.449,-41.163],[-41.162,-23.448],[-41.162,23.448],[-23.449,41.162],[23.449,41.162],[41.162,23.448],[41.162,-23.448]],"c":true},"ix":2},"nm":"Path 1","mn":"ADBE Vector Shape - Group","hd":false},{"ty":"fl","c":{"a":0,"k":[1,1,1,1],"ix":4},"o":{"a":0,"k":100,"ix":5},"r":1,"nm":"Fill 1","mn":"ADBE Vector Graphic - Fill","hd":false},{"ty":"tr","p":{"a":0,"k":[149.289,362.228],"ix":2},"a":{"a":0,"k":[0,0],"ix":1},"s":{"a":0,"k":[100,100],"ix":3},"r":{"a":0,"k":0,"ix":6},"o":{"a":0,"k":100,"ix":7},"sk":{"a":0,"k":0,"ix":4},"sa":{"a":0,"k":0,"ix":5},"nm":"Transform"}],"nm":"Group 1","np":2,"cix":2,"ix":1,"mn":"ADBE Vector Group","hd":false},{"ty":"gr","it":[{"ind":0,"ty":"sh","ix":1,"ks":{"a":0,"k":{"i":[[9.769,0],[0,0],[0,-9.767],[0,0],[-9.768,0],[0,0],[0,9.768],[0,0]],"o":[[0,0],[-9.768,0],[0,0],[0,9.768],[0,0],[9.769,0],[0,0],[0,-9.767]],"v":[[23.448,-41.163],[-23.449,-41.163],[-41.162,-23.449],[-41.162,23.449],[-23.449,41.163],[23.448,41.163],[41.162,23.449],[41.162,-23.449]],"c":true},"ix":2},"nm":"Path 1","mn":"ADBE Vector Shape - Group","hd":false},{"ty":"fl","c":{"a":0,"k":[1,1,1,1],"ix":4},"o":{"a":0,"k":100,"ix":5},"r":1,"nm":"Fill 1","mn":"ADBE Vector Graphic - Fill","hd":false},{"ty":"tr","p":{"a":0,"k":[362.145,149.865],"ix":2},"a":{"a":0,"k":[0,0],"ix":1},"s":{"a":0,"k":[100,100],"ix":3},"r":{"a":0,"k":0,"ix":6},"o":{"a":0,"k":100,"ix":7},"sk":{"a":0,"k":0,"ix":4},"sa":{"a":0,"k":0,"ix":5},"nm":"Transform"}],"nm":"Group 2","np":2,"cix":2,"ix":2,"mn":"ADBE Vector Group","hd":false},{"ty":"gr","it":[{"ind":0,"ty":"sh","ix":1,"ks":{"a":0,"k":{"i":[[9.767,0],[0,0],[0,-9.767],[0,0],[-9.767,0],[0,0],[0,9.768],[0,0]],"o":[[0,0],[-9.767,0],[0,0],[0,9.768],[0,0],[9.767,0],[0,0],[0,-9.767]],"v":[[23.449,-41.163],[-23.449,-41.163],[-41.162,-23.449],[-41.162,23.449],[-23.449,41.163],[23.449,41.163],[41.162,23.449],[41.162,-23.449]],"c":true},"ix":2},"nm":"Path 1","mn":"ADBE Vector Shape - Group","hd":false},{"ty":"fl","c":{"a":0,"k":[1,1,1,1],"ix":4},"o":{"a":0,"k":100,"ix":5},"r":1,"nm":"Fill 1","mn":"ADBE Vector Graphic - Fill","hd":false},{"ty":"tr","p":{"a":0,"k":[149.289,149.865],"ix":2},"a":{"a":0,"k":[0,0],"ix":1},"s":{"a":0,"k":[100,100],"ix":3},"r":{"a":0,"k":0,"ix":6},"o":{"a":0,"k":100,"ix":7},"sk":{"a":0,"k":0,"ix":4},"sa":{"a":0,"k":0,"ix":5},"nm":"Transform"}],"nm":"Group 3","np":2,"cix":2,"ix":3,"mn":"ADBE Vector Group","hd":false},{"ty":"gr","it":[{"ind":0,"ty":"sh","ix":1,"ks":{"a":0,"k":{"i":[[0,8.284],[8.284,0],[0,0],[0,-8.284],[-8.284,0],[0,0]],"o":[[0,-8.284],[0,0],[-8.284,0],[0,8.283],[0,0],[8.284,0]],"v":[[43.458,0],[28.458,-15],[-28.458,-15],[-43.458,0],[-28.458,15],[28.458,15]],"c":true},"ix":2},"nm":"Path 1","mn":"ADBE Vector Shape - Group","hd":false},{"ty":"fl","c":{"a":0,"k":[1,1,1,1],"ix":4},"o":{"a":0,"k":100,"ix":5},"r":1,"nm":"Fill 1","mn":"ADBE Vector Graphic - Fill","hd":false},{"ty":"tr","p":{"a":0,"k":[315.68,437.15],"ix":2},"a":{"a":0,"k":[0,0],"ix":1},"s":{"a":0,"k":[100,100],"ix":3},"r":{"a":0,"k":0,"ix":6},"o":{"a":0,"k":100,"ix":7},"sk":{"a":0,"k":0,"ix":4},"sa":{"a":0,"k":0,"ix":5},"nm":"Transform"}],"nm":"Group 4","np":2,"cix":2,"ix":4,"mn":"ADBE Vector Group","hd":false},{"ty":"gr","it":[{"ind":0,"ty":"sh","ix":1,"ks":{"a":0,"k":{"i":[[-8.284,0],[0,8.284],[0,0],[8.283,0],[0,-8.283],[0,0]],"o":[[8.283,0],[0,0],[0,-8.283],[-8.284,0],[0,0],[0,8.285]],"v":[[0,38.021],[15,23.021],[15,-23.021],[0,-38.021],[-15,-23.021],[-15,23.021]],"c":true},"ix":2},"nm":"Path 1","mn":"ADBE Vector Shape - Group","hd":false},{"ty":"fl","c":{"a":0,"k":[1,1,1,1],"ix":4},"o":{"a":0,"k":100,"ix":5},"r":1,"nm":"Fill 1","mn":"ADBE Vector Graphic - Fill","hd":false},{"ty":"tr","p":{"a":0,"k":[437.066,313.958],"ix":2},"a":{"a":0,"k":[0,0],"ix":1},"s":{"a":0,"k":[100,100],"ix":3},"r":{"a":0,"k":0,"ix":6},"o":{"a":0,"k":100,"ix":7},"sk":{"a":0,"k":0,"ix":4},"sa":{"a":0,"k":0,"ix":5},"nm":"Transform"}],"nm":"Group 5","np":2,"cix":2,"ix":5,"mn":"ADBE Vector Group","hd":false},{"ty":"gr","it":[{"ind":0,"ty":"sh","ix":1,"ks":{"a":0,"k":{"i":[[-8.284,0],[0,0],[0,0],[0,0],[0,-8.283],[-8.284,0],[0,0],[0,8.873],[0,0],[10.435,0],[0,0],[0,-8.283]],"o":[[0,0],[0,0],[0,0],[-8.284,0],[0,8.284],[0,0],[8.874,0],[0,0],[0,-10.435],[0,0],[-8.284,0],[0,8.284]],"v":[[-53.124,-33.021],[38.125,-33.021],[38.125,33.021],[0,33.021],[-15,48.021],[0,63.021],[52.032,63.021],[68.124,46.928],[68.124,-44.098],[49.202,-63.021],[-53.124,-63.021],[-68.124,-48.021]],"c":true},"ix":2},"nm":"Path 1","mn":"ADBE Vector Shape - Group","hd":false},{"ty":"fl","c":{"a":0,"k":[1,1,1,1],"ix":4},"o":{"a":0,"k":100,"ix":5},"r":1,"nm":"Fill 1","mn":"ADBE Vector Graphic - Fill","hd":false},{"ty":"tr","p":{"a":0,"k":[340.346,338.958],"ix":2},"a":{"a":0,"k":[0,0],"ix":1},"s":{"a":0,"k":[100,100],"ix":3},"r":{"a":0,"k":0,"ix":6},"o":{"a":0,"k":100,"ix":7},"sk":{"a":0,"k":0,"ix":4},"sa":{"a":0,"k":0,"ix":5},"nm":"Transform"}],"nm":"Group 6","np":2,"cix":2,"ix":6,"mn":"ADBE Vector Group","hd":false},{"ty":"gr","it":[{"ind":0,"ty":"sh","ix":1,"ks":{"a":0,"k":{"i":[[0,8.285],[8.284,0],[0,0],[0,-10.435],[0,0],[-8.284,0],[0,8.284],[0,0],[0,0]],"o":[[0,-8.283],[0,0],[-10.433,0],[0,0],[0,8.284],[8.284,0],[0,0],[0,0],[8.284,0]],"v":[[35,-25],[20,-40],[-16.079,-40],[-35,-21.077],[-35,25],[-20,40],[-5,25],[-5,-10],[20,-10]],"c":true},"ix":2},"nm":"Path 1","mn":"ADBE Vector Shape - Group","hd":false},{"ty":"fl","c":{"a":0,"k":[1,1,1,1],"ix":4},"o":{"a":0,"k":100,"ix":5},"r":1,"nm":"Fill 1","mn":"ADBE Vector Graphic - Fill","hd":false},{"ty":"tr","p":{"a":0,"k":[311.138,361.979],"ix":2},"a":{"a":0,"k":[0,0],"ix":1},"s":{"a":0,"k":[100,100],"ix":3},"r":{"a":0,"k":0,"ix":6},"o":{"a":0,"k":100,"ix":7},"sk":{"a":0,"k":0,"ix":4},"sa":{"a":0,"k":0,"ix":5},"nm":"Transform"}],"nm":"Group 7","np":2,"cix":2,"ix":7,"mn":"ADBE Vector Group","hd":false},{"ty":"gr","it":[{"ind":0,"ty":"sh","ix":1,"ks":{"a":0,"k":{"i":[[0,-8.284],[-8.284,0],[0,0],[0,10.275],[0,0],[8.285,0],[0,-8.283],[0,0],[0,0]],"o":[[0,8.283],[0,0],[10.273,0],[0,0],[0,-8.283],[-8.283,0],[0,0],[0,0],[-8.285,0]],"v":[[-41.552,25.086],[-26.552,40.086],[22.922,40.086],[41.552,21.453],[41.552,-25.086],[26.552,-40.086],[11.552,-25.086],[11.552,10.086],[-26.552,10.086]],"c":true},"ix":2},"nm":"Path 1","mn":"ADBE Vector Shape - Group","hd":false},{"ty":"fl","c":{"a":0,"k":[1,1,1,1],"ix":4},"o":{"a":0,"k":100,"ix":5},"r":1,"nm":"Fill 1","mn":"ADBE Vector Graphic - Fill","hd":false},{"ty":"tr","p":{"a":0,"k":[410.797,412.064],"ix":2},"a":{"a":0,"k":[0,0],"ix":1},"s":{"a":0,"k":[100,100],"ix":3},"r":{"a":0,"k":0,"ix":6},"o":{"a":0,"k":100,"ix":7},"sk":{"a":0,"k":0,"ix":4},"sa":{"a":0,"k":0,"ix":5},"nm":"Transform"}],"nm":"Group 8","np":2,"cix":2,"ix":8,"mn":"ADBE Vector Group","hd":false},{"ty":"gr","it":[{"ind":0,"ty":"sh","ix":1,"ks":{"a":0,"k":{"i":[[33.103,0],[0,0],[0,-8.284],[-8.283,0],[0,0],[0,-16.559],[0,0],[-8.284,0],[0,8.284],[0,0]],"o":[[0,0],[-8.283,0],[0,8.284],[0,0],[16.561,0],[0,0],[0,8.284],[8.284,0],[0,0],[0,-33.101]],"v":[[19.688,-79.943],[-64.72,-79.943],[-79.72,-64.943],[-64.72,-49.943],[19.688,-49.943],[49.72,-19.911],[49.72,64.943],[64.72,79.943],[79.72,64.943],[79.72,-19.911]],"c":true},"ix":2},"nm":"Path 1","mn":"ADBE Vector Shape - Group","hd":false},{"ty":"fl","c":{"a":0,"k":[1,1,1,1],"ix":4},"o":{"a":0,"k":100,"ix":5},"r":1,"nm":"Fill 1","mn":"ADBE Vector Graphic - Fill","hd":false},{"ty":"tr","p":{"a":0,"k":[432.28,79.943],"ix":2},"a":{"a":0,"k":[0,0],"ix":1},"s":{"a":0,"k":[100,100],"ix":3},"r":{"a":0,"k":0,"ix":6},"o":{"a":0,"k":100,"ix":7},"sk":{"a":0,"k":0,"ix":4},"sa":{"a":0,"k":0,"ix":5},"nm":"Transform"}],"nm":"Group 9","np":2,"cix":2,"ix":9,"mn":"ADBE Vector Group","hd":false},{"ty":"gr","it":[{"ind":0,"ty":"sh","ix":1,"ks":{"a":0,"k":{"i":[[8.284,0],[0,-8.283],[0,0],[16.56,0],[0,0],[0,-8.284],[-8.284,0],[0,0],[0,33.102],[0,0]],"o":[[-8.284,0],[0,0],[0,16.561],[0,0],[-8.284,0],[0,8.285],[0,0],[33.102,0],[0,0],[0,-8.284]],"v":[[64.72,-79.803],[49.72,-64.803],[49.72,19.772],[19.688,49.803],[-64.72,49.803],[-79.72,64.803],[-64.72,79.803],[19.688,79.803],[79.72,19.772],[79.72,-64.803]],"c":true},"ix":2},"nm":"Path 1","mn":"ADBE Vector Shape - Group","hd":false},{"ty":"fl","c":{"a":0,"k":[1,1,1,1],"ix":4},"o":{"a":0,"k":100,"ix":5},"r":1,"nm":"Fill 1","mn":"ADBE Vector Graphic - Fill","hd":false},{"ty":"tr","p":{"a":0,"k":[432.28,432.197],"ix":2},"a":{"a":0,"k":[0,0],"ix":1},"s":{"a":0,"k":[100,100],"ix":3},"r":{"a":0,"k":0,"ix":6},"o":{"a":0,"k":100,"ix":7},"sk":{"a":0,"k":0,"ix":4},"sa":{"a":0,"k":0,"ix":5},"nm":"Transform"}],"nm":"Group 10","np":2,"cix":2,"ix":10,"mn":"ADBE Vector Group","hd":false},{"ty":"gr","it":[{"ind":0,"ty":"sh","ix":1,"ks":{"a":0,"k":{"i":[[8.284,0],[0,0],[0,16.559],[0,0],[8.284,0],[0,-8.284],[0,0],[-33.102,0],[0,0],[0,8.284]],"o":[[0,0],[-16.56,0],[0,0],[0,-8.284],[-8.284,0],[0,0],[0,33.101],[0,0],[8.284,0],[0,-8.284]],"v":[[64.75,49.803],[-19.718,49.803],[-49.75,19.772],[-49.75,-64.803],[-64.75,-79.803],[-79.75,-64.803],[-79.75,19.772],[-19.718,79.803],[64.75,79.803],[79.75,64.803]],"c":true},"ix":2},"nm":"Path 1","mn":"ADBE Vector Shape - Group","hd":false},{"ty":"fl","c":{"a":0,"k":[1,1,1,1],"ix":4},"o":{"a":0,"k":100,"ix":5},"r":1,"nm":"Fill 1","mn":"ADBE Vector Graphic - Fill","hd":false},{"ty":"tr","p":{"a":0,"k":[79.75,432.197],"ix":2},"a":{"a":0,"k":[0,0],"ix":1},"s":{"a":0,"k":[100,100],"ix":3},"r":{"a":0,"k":0,"ix":6},"o":{"a":0,"k":100,"ix":7},"sk":{"a":0,"k":0,"ix":4},"sa":{"a":0,"k":0,"ix":5},"nm":"Transform"}],"nm":"Group 11","np":2,"cix":2,"ix":11,"mn":"ADBE Vector Group","hd":false},{"ty":"gr","it":[{"ind":0,"ty":"sh","ix":1,"ks":{"a":0,"k":{"i":[[8.284,0],[0,0],[0,-33.101],[0,0],[-8.284,0],[0,8.284],[0,0],[-16.56,0],[0,0],[0,8.284]],"o":[[0,0],[-33.102,0],[0,0],[0,8.284],[8.284,0],[0,0],[0,-16.559],[0,0],[8.284,0],[0,-8.284]],"v":[[64.75,-79.943],[-19.718,-79.943],[-79.75,-19.911],[-79.75,64.943],[-64.75,79.943],[-49.75,64.943],[-49.75,-19.911],[-19.718,-49.943],[64.75,-49.943],[79.75,-64.943]],"c":true},"ix":2},"nm":"Path 1","mn":"ADBE Vector Shape - Group","hd":false},{"ty":"fl","c":{"a":0,"k":[1,1,1,1],"ix":4},"o":{"a":0,"k":100,"ix":5},"r":1,"nm":"Fill 1","mn":"ADBE Vector Graphic - Fill","hd":false},{"ty":"tr","p":{"a":0,"k":[79.75,79.943],"ix":2},"a":{"a":0,"k":[0,0],"ix":1},"s":{"a":0,"k":[100,100],"ix":3},"r":{"a":0,"k":0,"ix":6},"o":{"a":0,"k":100,"ix":7},"sk":{"a":0,"k":0,"ix":4},"sa":{"a":0,"k":0,"ix":5},"nm":"Transform"}],"nm":"Group 12","np":2,"cix":2,"ix":12,"mn":"ADBE Vector Group","hd":false},{"ty":"gr","it":[{"ind":0,"ty":"sh","ix":1,"ks":{"a":0,"k":{"i":[[10.274,0],[0,0],[0,-10.275],[0,0],[-10.274,0],[0,0],[0,10.274],[0,0]],"o":[[0,0],[-10.273,0],[0,0],[0,10.273],[0,0],[10.273,0],[0,0],[0,-10.275]],"v":[[71.29,-89.923],[-71.29,-89.923],[-89.922,-71.289],[-89.922,71.29],[-71.29,89.923],[71.29,89.923],[89.922,71.29],[89.922,-71.289]],"c":true},"ix":2},"nm":"Path 1","mn":"ADBE Vector Shape - Group","hd":false},{"ty":"fl","c":{"a":0,"k":[1,1,1,1],"ix":4},"o":{"a":0,"k":100,"ix":5},"r":1,"nm":"Fill 1","mn":"ADBE Vector Graphic - Fill","hd":false},{"ty":"tr","p":{"a":0,"k":[149.572,362.229],"ix":2},"a":{"a":0,"k":[0,0],"ix":1},"s":{"a":0,"k":[100,100],"ix":3},"r":{"a":0,"k":0,"ix":6},"o":{"a":0,"k":100,"ix":7},"sk":{"a":0,"k":0,"ix":4},"sa":{"a":0,"k":0,"ix":5},"nm":"Transform"}],"nm":"Group 13","np":2,"cix":2,"ix":13,"mn":"ADBE Vector Group","hd":false},{"ty":"gr","it":[{"ind":0,"ty":"sh","ix":1,"ks":{"a":0,"k":{"i":[[10.274,0],[0,0],[0,-10.274],[0,0],[-10.274,0],[0,0],[0,10.274],[0,0]],"o":[[0,0],[-10.273,0],[0,0],[0,10.273],[0,0],[10.273,0],[0,0],[0,-10.273]],"v":[[71.289,-89.922],[-71.291,-89.922],[-89.923,-71.29],[-89.923,71.29],[-71.291,89.922],[71.289,89.922],[89.922,71.29],[89.922,-71.29]],"c":true},"ix":2},"nm":"Path 1","mn":"ADBE Vector Shape - Group","hd":false},{"ty":"fl","c":{"a":0,"k":[1,1,1,1],"ix":4},"o":{"a":0,"k":100,"ix":5},"r":1,"nm":"Fill 1","mn":"ADBE Vector Graphic - Fill","hd":false},{"ty":"tr","p":{"a":0,"k":[362.144,149.864],"ix":2},"a":{"a":0,"k":[0,0],"ix":1},"s":{"a":0,"k":[100,100],"ix":3},"r":{"a":0,"k":0,"ix":6},"o":{"a":0,"k":100,"ix":7},"sk":{"a":0,"k":0,"ix":4},"sa":{"a":0,"k":0,"ix":5},"nm":"Transform"}],"nm":"Group 14","np":2,"cix":2,"ix":14,"mn":"ADBE Vector Group","hd":false},{"ty":"gr","it":[{"ind":0,"ty":"sh","ix":1,"ks":{"a":0,"k":{"i":[[-10.274,0],[0,0],[0,10.274],[0,0],[10.274,0],[0,0],[0,-10.274],[0,0]],"o":[[0,0],[10.273,0],[0,0],[0,-10.273],[0,0],[-10.273,0],[0,0],[0,10.274]],"v":[[-71.29,89.922],[71.29,89.922],[89.922,71.29],[89.922,-71.29],[71.29,-89.922],[-71.29,-89.922],[-89.922,-71.29],[-89.922,71.29]],"c":true},"ix":2},"nm":"Path 1","mn":"ADBE Vector Shape - Group","hd":false},{"ty":"fl","c":{"a":0,"k":[1,1,1,1],"ix":4},"o":{"a":0,"k":100,"ix":5},"r":1,"nm":"Fill 1","mn":"ADBE Vector Graphic - Fill","hd":false},{"ty":"tr","p":{"a":0,"k":[149.289,149.864],"ix":2},"a":{"a":0,"k":[0,0],"ix":1},"s":{"a":0,"k":[100,100],"ix":3},"r":{"a":0,"k":0,"ix":6},"o":{"a":0,"k":100,"ix":7},"sk":{"a":0,"k":0,"ix":4},"sa":{"a":0,"k":0,"ix":5},"nm":"Transform"}],"nm":"Group 15","np":2,"cix":2,"ix":15,"mn":"ADBE Vector Group","hd":false}],"ip":0,"op":150.000006109625,"st":0,"bm":0}],"markers":[]}