{"v":"5.6.10","fr":60,"ip":0,"op":380,"w":375,"h":500,"nm":"splash","ddd":0,"assets":[{"id":"comp_0","layers":[{"ddd":0,"ind":1,"ty":4,"nm":"Trazado 12","sr":1,"ks":{"o":{"a":1,"k":[{"i":{"x":[0.833],"y":[0.833]},"o":{"x":[0.333],"y":[0]},"t":53,"s":[0]},{"t":58,"s":[100]}],"ix":11},"r":{"a":1,"k":[{"i":{"x":[0.833],"y":[0.833]},"o":{"x":[0.333],"y":[0]},"t":53,"s":[39]},{"t":58,"s":[0]}],"ix":10},"p":{"a":1,"k":[{"i":{"x":0.833,"y":0.833},"o":{"x":0.333,"y":0},"t":53,"s":[204.796,297.083,0],"to":[1.396,-1.438,0],"ti":[-1.396,1.438,0]},{"t":58,"s":[213.171,288.458,0]}],"ix":2},"a":{"a":0,"k":[8.646,7.423,0],"ix":1},"s":{"a":0,"k":[100,100,100],"ix":6}},"ao":0,"shapes":[{"ty":"gr","it":[{"ind":0,"ty":"sh","ix":1,"ks":{"a":0,"k":{"i":[[0,0],[0.111,-0.199],[1.016,-1.63],[-0.067,0],[0,0]],"o":[[-0.093,0.168],[-0.263,0.718],[1.217,1.259],[4.818,-4.712],[0,0]],"v":[[2.164,0],[1.857,0.554],[0,4.289],[10.279,14.846],[17.293,0.816]],"c":true},"ix":2},"nm":"Trazado 1","mn":"ADBE Vector Shape - Group","hd":false},{"ty":"fl","c":{"a":0,"k":[0.149019607843,0.145098039216,0.133333333333,1],"ix":4},"o":{"a":0,"k":100,"ix":5},"r":1,"bm":0,"nm":"Relleno 1","mn":"ADBE Vector Graphic - Fill","hd":false},{"ty":"tr","p":{"a":0,"k":[0,0],"ix":2},"a":{"a":0,"k":[0,0],"ix":1},"s":{"a":0,"k":[100,100],"ix":3},"r":{"a":0,"k":0,"ix":6},"o":{"a":0,"k":100,"ix":7},"sk":{"a":0,"k":0,"ix":4},"sa":{"a":0,"k":0,"ix":5},"nm":"Transformar"}],"nm":"Trazado 12","np":2,"cix":2,"bm":0,"ix":1,"mn":"ADBE Vector Group","hd":false}],"ip":0,"op":3600,"st":0,"bm":0},{"ddd":0,"ind":2,"ty":4,"nm":"Trazado 11","sr":1,"ks":{"o":{"a":1,"k":[{"i":{"x":[0.833],"y":[0.833]},"o":{"x":[0.333],"y":[0]},"t":49,"s":[0]},{"t":54,"s":[100]}],"ix":11},"r":{"a":1,"k":[{"i":{"x":[0.833],"y":[0.833]},"o":{"x":[0.333],"y":[0]},"t":49,"s":[30]},{"t":54,"s":[0]}],"ix":10},"p":{"a":1,"k":[{"i":{"x":0.833,"y":0.833},"o":{"x":0.333,"y":0},"t":49,"s":[197.918,300.829,0],"to":[1.625,-0.979,0],"ti":[-1.625,0.979,0]},{"t":54,"s":[207.668,294.954,0]}],"ix":2},"a":{"a":0,"k":[6.708,9.006,0],"ix":1},"s":{"a":0,"k":[100,100,100],"ix":6}},"ao":0,"shapes":[{"ty":"gr","it":[{"ind":0,"ty":"sh","ix":1,"ks":{"a":0,"k":{"i":[[0,0],[-0.032,0.032],[0,0],[0,0],[1.318,-1.239]],"o":[[0.608,2.565],[3.473,-1.488],[0,0],[-0.807,1.202],[0,0]],"v":[[0,3.736],[3.425,18.013],[13.417,10.466],[3.162,0],[0,3.736]],"c":false},"ix":2},"nm":"Trazado 1","mn":"ADBE Vector Shape - Group","hd":false},{"ty":"fl","c":{"a":0,"k":[0,0.443137254902,0.180392156863,1],"ix":4},"o":{"a":0,"k":100,"ix":5},"r":1,"bm":0,"nm":"Relleno 1","mn":"ADBE Vector Graphic - Fill","hd":false},{"ty":"tr","p":{"a":0,"k":[0,0],"ix":2},"a":{"a":0,"k":[0,0],"ix":1},"s":{"a":0,"k":[100,100],"ix":3},"r":{"a":0,"k":0,"ix":6},"o":{"a":0,"k":100,"ix":7},"sk":{"a":0,"k":0,"ix":4},"sa":{"a":0,"k":0,"ix":5},"nm":"Transformar"}],"nm":"Trazado 11","np":2,"cix":2,"bm":0,"ix":1,"mn":"ADBE Vector Group","hd":false}],"ip":0,"op":3600,"st":0,"bm":0},{"ddd":0,"ind":3,"ty":4,"nm":"Trazado 10","sr":1,"ks":{"o":{"a":1,"k":[{"i":{"x":[0.833],"y":[0.833]},"o":{"x":[0.333],"y":[0]},"t":45,"s":[0]},{"t":50,"s":[100]}],"ix":11},"r":{"a":1,"k":[{"i":{"x":[0.833],"y":[0.833]},"o":{"x":[0.333],"y":[0]},"t":45,"s":[37]},{"t":50,"s":[0]}],"ix":10},"p":{"a":1,"k":[{"i":{"x":0.833,"y":0.833},"o":{"x":0.333,"y":0},"t":45,"s":[180.57,299.806,0],"to":[2.333,-0.021,0],"ti":[-2.333,0.021,0]},{"t":50,"s":[194.57,299.681,0]}],"ix":2},"a":{"a":0,"k":[8.883,9.37,0],"ix":1},"s":{"a":0,"k":[100,100,100],"ix":6}},"ao":0,"shapes":[{"ty":"gr","it":[{"ind":0,"ty":"sh","ix":1,"ks":{"a":0,"k":{"i":[[0,0],[-7.04,4.962],[0.748,3.224],[2.252,-0.917]],"o":[[0,0],[0.039,0],[-1.525,1.308],[0,0]],"v":[[0,18.741],[17.765,13.921],[14.574,0],[8.935,3.43]],"c":true},"ix":2},"nm":"Trazado 1","mn":"ADBE Vector Shape - Group","hd":false},{"ty":"fl","c":{"a":0,"k":[0.752941176471,0,0.125490196078,1],"ix":4},"o":{"a":0,"k":100,"ix":5},"r":1,"bm":0,"nm":"Relleno 1","mn":"ADBE Vector Graphic - Fill","hd":false},{"ty":"tr","p":{"a":0,"k":[0,0],"ix":2},"a":{"a":0,"k":[0,0],"ix":1},"s":{"a":0,"k":[100,100],"ix":3},"r":{"a":0,"k":0,"ix":6},"o":{"a":0,"k":100,"ix":7},"sk":{"a":0,"k":0,"ix":4},"sa":{"a":0,"k":0,"ix":5},"nm":"Transformar"}],"nm":"Trazado 10","np":2,"cix":2,"bm":0,"ix":1,"mn":"ADBE Vector Group","hd":false}],"ip":0,"op":3600,"st":0,"bm":0},{"ddd":0,"ind":4,"ty":4,"nm":"e","sr":1,"ks":{"o":{"a":1,"k":[{"i":{"x":[0.833],"y":[0.833]},"o":{"x":[0.333],"y":[0]},"t":13,"s":[0]},{"t":45,"s":[100]}],"ix":11},"r":{"a":1,"k":[{"i":{"x":[0.833],"y":[0.833]},"o":{"x":[0.333],"y":[0]},"t":13,"s":[207]},{"t":45,"s":[0]}],"ix":10},"p":{"a":0,"k":[185.688,274.569,0],"ix":2},"a":{"a":0,"k":[33.713,34.482,0],"ix":1},"s":{"a":0,"k":[100,100,100],"ix":6}},"ao":0,"shapes":[{"ty":"gr","it":[{"ind":0,"ty":"sh","ix":1,"ks":{"a":0,"k":{"i":[[0,0],[0,0],[-1.618,0.662],[-10.144,4.156],[1.05,1.122],[7.361,-3.096],[0.48,-8.376]],"o":[[0,0],[-0.072,1.714],[10.149,-4.144],[1.449,-0.595],[-4.535,-4.85],[-7.594,3.195],[0,0]],"v":[[14.551,32.067],[14.551,32.067],[16.262,33.25],[46.698,20.796],[47.143,18.819],[27.034,15.044],[14.551,32.067]],"c":false},"ix":2},"nm":"Trazado 1","mn":"ADBE Vector Shape - Group","hd":false},{"ind":1,"ty":"sh","ix":2,"ks":{"a":0,"k":{"i":[[0,0],[5.888,-2.42],[-0.875,-1.291],[-4.751,-0.832],[-2.188,0.342],[-0.63,0.153],[-0.767,0.189],[0.506,-0.873],[1.958,-3.522],[1.217,0.105],[5.705,6.878],[-0.679,9.844],[-10.194,5.796],[-7.072,-0.234],[-6.133,-6.795],[-1.859,-4.96],[-0.12,-0.423],[3.302,-1.355],[6.603,-2.71]],"o":[[-5.89,2.418],[-1.485,0.61],[3.082,4.547],[1.994,0.347],[0.618,-0.096],[0.477,-0.116],[-0.62,1.089],[-2.022,3.489],[-0.588,1.057],[-8.915,-0.775],[-6.242,-7.528],[0.804,-11.625],[6.091,-3.463],[9.176,0.305],[3.575,3.96],[0.106,0.286],[-3.35,1.377],[-6.603,2.71],[0,0]],"v":[[37.663,37.635],[19.996,44.89],[19.364,46.887],[31.311,55.031],[37.596,55.044],[39.468,54.67],[41.19,54.247],[39.569,57.089],[33.524,67.566],[31.045,68.95],[8.871,57.677],[0.089,31.519],[16.6,5.168],[36.352,0.019],[59.286,10.839],[67.137,24.406],[67.426,25.418],[57.471,29.505],[37.663,37.635]],"c":false},"ix":2},"nm":"Trazado 2","mn":"ADBE Vector Shape - Group","hd":false},{"ty":"fl","c":{"a":0,"k":[0.458823529412,0.725490196078,0.321568627451,1],"ix":4},"o":{"a":0,"k":100,"ix":5},"r":1,"bm":0,"nm":"Relleno 1","mn":"ADBE Vector Graphic - Fill","hd":false},{"ty":"tr","p":{"a":0,"k":[0,0],"ix":2},"a":{"a":0,"k":[0,0],"ix":1},"s":{"a":0,"k":[100,100],"ix":3},"r":{"a":0,"k":0,"ix":6},"o":{"a":0,"k":100,"ix":7},"sk":{"a":0,"k":0,"ix":4},"sa":{"a":0,"k":0,"ix":5},"nm":"Transformar"}],"nm":"Trazado 9","np":3,"cix":2,"bm":0,"ix":1,"mn":"ADBE Vector Group","hd":false}],"ip":0,"op":3600,"st":0,"bm":0},{"ddd":0,"ind":5,"ty":4,"nm":"c blanco","sr":1,"ks":{"o":{"a":1,"k":[{"i":{"x":[0.833],"y":[0.833]},"o":{"x":[0.333],"y":[0]},"t":15,"s":[0]},{"t":30,"s":[100]}],"ix":11},"r":{"a":0,"k":0,"ix":10},"p":{"a":0,"k":[186.897,274.568,0],"ix":2},"a":{"a":0,"k":[43.015,42.803,0],"ix":1},"s":{"a":1,"k":[{"i":{"x":[0.833,0.833,0.833],"y":[0.833,0.833,1.545]},"o":{"x":[0.333,0.333,0.333],"y":[0,0,0]},"t":15,"s":[44,44,100]},{"i":{"x":[0.833,0.833,0.833],"y":[0.833,0.833,0.843]},"o":{"x":[0.333,0.333,0.333],"y":[0,0,0]},"t":26,"s":[105.067,105.067,100]},{"t":30,"s":[100,100,100]}],"ix":6}},"ao":0,"shapes":[{"ty":"gr","it":[{"ind":0,"ty":"sh","ix":1,"ks":{"a":0,"k":{"i":[[0,0],[23.758,0],[0,23.64],[-23.756,0],[0,-23.64]],"o":[[0,23.64],[-23.756,0],[0,-23.64],[23.758,0],[0,0]],"v":[[86.03,42.803],[43.014,85.607],[0,42.803],[43.014,0],[86.03,42.803]],"c":false},"ix":2},"nm":"Trazado 1","mn":"ADBE Vector Shape - Group","hd":false},{"ty":"fl","c":{"a":0,"k":[1,1,1,1],"ix":4},"o":{"a":0,"k":100,"ix":5},"r":1,"bm":0,"nm":"Relleno 1","mn":"ADBE Vector Graphic - Fill","hd":false},{"ty":"tr","p":{"a":0,"k":[0,0],"ix":2},"a":{"a":0,"k":[0,0],"ix":1},"s":{"a":0,"k":[100,100],"ix":3},"r":{"a":0,"k":0,"ix":6},"o":{"a":0,"k":100,"ix":7},"sk":{"a":0,"k":0,"ix":4},"sa":{"a":0,"k":0,"ix":5},"nm":"Transformar"}],"nm":"Trazado 8","np":2,"cix":2,"bm":0,"ix":1,"mn":"ADBE Vector Group","hd":false}],"ip":0,"op":3600,"st":0,"bm":0},{"ddd":0,"ind":6,"ty":4,"nm":"c rojo","sr":1,"ks":{"o":{"a":1,"k":[{"i":{"x":[0.833],"y":[0.833]},"o":{"x":[0.333],"y":[0]},"t":0,"s":[0]},{"t":20,"s":[100]}],"ix":11},"r":{"a":0,"k":0,"ix":10},"p":{"a":0,"k":[186.897,274.569,0],"ix":2},"a":{"a":0,"k":[52.087,52.016,0],"ix":1},"s":{"a":1,"k":[{"i":{"x":[0.833,0.833,0.833],"y":[0.833,0.833,0.06]},"o":{"x":[0.333,0.333,0.333],"y":[0,0,0]},"t":0,"s":[34,34,100]},{"i":{"x":[0.833,0.833,0.833],"y":[0.833,0.833,1.464]},"o":{"x":[0.333,0.333,0.333],"y":[0,0,0]},"t":15,"s":[110.769,110.769,100]},{"t":20,"s":[100,100,100]}],"ix":6}},"ao":0,"shapes":[{"ty":"gr","it":[{"ind":0,"ty":"sh","ix":1,"ks":{"a":0,"k":{"i":[[0,0],[28.766,0],[0,28.728],[-28.766,0],[0,-28.728]],"o":[[0,28.728],[-28.766,0],[0,-28.728],[28.766,0],[0,0]],"v":[[104.174,52.015],[52.086,104.032],[0,52.015],[52.086,0],[104.174,52.015]],"c":false},"ix":2},"nm":"Trazado 1","mn":"ADBE Vector Shape - Group","hd":false},{"ty":"fl","c":{"a":0,"k":[0.854901960784,0.196078431373,0.188235294118,1],"ix":4},"o":{"a":0,"k":100,"ix":5},"r":1,"bm":0,"nm":"Relleno 1","mn":"ADBE Vector Graphic - Fill","hd":false},{"ty":"tr","p":{"a":0,"k":[0,0],"ix":2},"a":{"a":0,"k":[0,0],"ix":1},"s":{"a":0,"k":[100,100],"ix":3},"r":{"a":0,"k":0,"ix":6},"o":{"a":0,"k":100,"ix":7},"sk":{"a":0,"k":0,"ix":4},"sa":{"a":0,"k":0,"ix":5},"nm":"Transformar"}],"nm":"Trazado 7","np":2,"cix":2,"bm":0,"ix":1,"mn":"ADBE Vector Group","hd":false}],"ip":0,"op":3600,"st":0,"bm":0},{"ddd":0,"ind":7,"ty":4,"nm":"Trazado 6","sr":1,"ks":{"o":{"a":1,"k":[{"i":{"x":[0.833],"y":[0.833]},"o":{"x":[0.333],"y":[0]},"t":99.395,"s":[0]},{"t":112,"s":[100]}],"ix":11},"r":{"a":0,"k":0,"ix":10},"p":{"a":1,"k":[{"i":{"x":0.833,"y":0.833},"o":{"x":0.333,"y":0},"t":99.395,"s":[258.59,312.85,0],"to":[0,2.503,0],"ti":[0,-6.105,0]},{"i":{"x":0.833,"y":0.833},"o":{"x":0.333,"y":0},"t":107.273,"s":[258.59,341.473,0],"to":[0,4.058,0],"ti":[0,-1.664,0]},{"t":112,"s":[258.59,337.85,0]}],"ix":2},"a":{"a":0,"k":[11.41,16.178,0],"ix":1},"s":{"a":0,"k":[100,100,100],"ix":6}},"ao":0,"shapes":[{"ty":"gr","it":[{"ind":0,"ty":"sh","ix":1,"ks":{"a":0,"k":{"i":[[0,0],[0,0],[-0.763,-1.143],[-1.775,0],[-0.961,1.151],[0,2.476],[0.969,1.166],[1.51,0],[0.983,-1.136],[0,-2.316]],"o":[[0,0],[0,2.388],[1.07,1.623],[1.365,0],[0.961,-1.151],[0,-2.634],[-0.967,-1.165],[-1.483,0],[-0.983,1.136],[0,0]],"v":[[6.14,19.804],[6.14,19.804],[7.284,25.103],[11.553,27.534],[15.041,25.809],[16.482,20.369],[15.03,14.669],[11.312,12.92],[7.614,14.625],[6.14,19.804]],"c":false},"ix":2},"nm":"Trazado 1","mn":"ADBE Vector Shape - Group","hd":false},{"ind":1,"ty":"sh","ix":2,"ks":{"a":0,"k":{"i":[[0,0],[0,0],[0,0],[0,0],[-2.612,0],[-1.864,-2.034],[0,-3.807],[1.899,-2.129],[2.713,0],[1.299,0.657],[0.939,1.288],[0,0]],"o":[[0,0],[0,0],[0,0],[1.908,-2.142],[2.846,0],[1.862,2.034],[0,3.939],[-1.901,2.129],[-1.335,0],[-1.298,-0.659],[0,0],[0,0]],"v":[[0,31.835],[0,0],[6.183,0],[6.183,11.465],[12.962,8.251],[20.026,11.303],[22.821,20.065],[19.971,29.164],[13.049,32.356],[9.099,31.369],[5.743,28.448],[5.743,31.835]],"c":true},"ix":2},"nm":"Trazado 2","mn":"ADBE Vector Shape - Group","hd":false},{"ty":"fl","c":{"a":0,"k":[1,1,1,1],"ix":4},"o":{"a":0,"k":100,"ix":5},"r":1,"bm":0,"nm":"Relleno 1","mn":"ADBE Vector Graphic - Fill","hd":false},{"ty":"tr","p":{"a":0,"k":[0,0],"ix":2},"a":{"a":0,"k":[0,0],"ix":1},"s":{"a":0,"k":[100,100],"ix":3},"r":{"a":0,"k":0,"ix":6},"o":{"a":0,"k":100,"ix":7},"sk":{"a":0,"k":0,"ix":4},"sa":{"a":0,"k":0,"ix":5},"nm":"Transformar"}],"nm":"Trazado 6","np":3,"cix":2,"bm":0,"ix":1,"mn":"ADBE Vector Group","hd":false}],"ip":0,"op":3600,"st":0,"bm":0},{"ddd":0,"ind":8,"ty":4,"nm":"Trazado 5","sr":1,"ks":{"o":{"a":1,"k":[{"i":{"x":[0.833],"y":[0.833]},"o":{"x":[0.333],"y":[0]},"t":91.516,"s":[0]},{"t":104.12109375,"s":[100]}],"ix":11},"r":{"a":0,"k":0,"ix":10},"p":{"a":1,"k":[{"i":{"x":0.833,"y":0.833},"o":{"x":0.333,"y":0},"t":91.516,"s":[224.094,317.716,0],"to":[0,2.403,0],"ti":[0,-5.86,0]},{"i":{"x":0.833,"y":0.833},"o":{"x":0.333,"y":0},"t":99.395,"s":[224.094,346.711,0],"to":[0,3.896,0],"ti":[0,-1.597,0]},{"t":104.12109375,"s":[224.094,341.716,0]}],"ix":2},"a":{"a":0,"k":[17.187,11.792,0],"ix":1},"s":{"a":0,"k":[100,100,100],"ix":6}},"ao":0,"shapes":[{"ty":"gr","it":[{"ind":0,"ty":"sh","ix":1,"ks":{"a":0,"k":{"i":[[0,0],[0,0],[0,0],[-2.816,0],[-1.1,-0.607],[-0.704,-1.23],[-1.19,0.61],[-1.35,0],[-1.188,-0.688],[-0.586,-1.333],[0,-2.201],[0,0],[0,0],[0,0],[0.425,0.666],[1.188,0],[0.763,-0.519],[0.337,-1.006],[0,-2.171],[0,0],[0,0],[0,0],[0.221,0.651],[0.462,0.319],[0.79,0],[0.763,-0.507],[0.33,-0.956],[0,-2.214],[0,0],[0,0]],"o":[[0,0],[0,0],[2.039,-2.445],[1.497,0],[1.1,0.61],[1.025,-1.23],[1.186,-0.607],[1.717,0],[1.19,0.688],[0.426,0.984],[0,0],[0,0],[0,0],[0,-2.289],[-0.573,-0.87],[-0.866,0],[-0.763,0.522],[-0.339,1.006],[0,0],[0,0],[0,0],[0,-2.245],[-0.219,-0.652],[-0.463,-0.318],[-0.954,0],[-0.763,0.506],[-0.33,0.956],[0,0],[0,0],[0,0]],"v":[[0,0.521],[5.7,0.521],[5.7,3.671],[12.984,0],[16.878,0.912],[19.587,3.671],[22.91,0.912],[26.715,0],[31.072,1.031],[33.735,4.062],[34.373,8.839],[34.373,23.584],[28.19,23.584],[28.19,10.403],[27.553,5.973],[24.91,4.668],[22.468,5.45],[20.819,7.742],[20.313,12.508],[20.313,23.584],[14.13,23.584],[14.13,10.946],[13.798,6.603],[12.775,5.147],[10.894,4.668],[8.319,5.43],[6.679,7.623],[6.183,12.378],[6.183,23.584],[0,23.584]],"c":true},"ix":2},"nm":"Trazado 1","mn":"ADBE Vector Shape - Group","hd":false},{"ty":"fl","c":{"a":0,"k":[1,1,1,1],"ix":4},"o":{"a":0,"k":100,"ix":5},"r":1,"bm":0,"nm":"Relleno 1","mn":"ADBE Vector Graphic - Fill","hd":false},{"ty":"tr","p":{"a":0,"k":[0,0],"ix":2},"a":{"a":0,"k":[0,0],"ix":1},"s":{"a":0,"k":[100,100],"ix":3},"r":{"a":0,"k":0,"ix":6},"o":{"a":0,"k":100,"ix":7},"sk":{"a":0,"k":0,"ix":4},"sa":{"a":0,"k":0,"ix":5},"nm":"Transformar"}],"nm":"Trazado 5","np":2,"cix":2,"bm":0,"ix":1,"mn":"ADBE Vector Group","hd":false}],"ip":0,"op":3600,"st":0,"bm":0},{"ddd":0,"ind":9,"ty":4,"nm":"Trazado 4","sr":1,"ks":{"o":{"a":1,"k":[{"i":{"x":[0.833],"y":[0.833]},"o":{"x":[0.333],"y":[0]},"t":83.637,"s":[0]},{"t":96.2421875,"s":[100]}],"ix":11},"r":{"a":0,"k":0,"ix":10},"p":{"a":1,"k":[{"i":{"x":0.833,"y":0.833},"o":{"x":0.333,"y":0},"t":83.637,"s":[190.47,313.976,0],"to":[0,2.803,0],"ti":[0,-6.837,0]},{"i":{"x":0.833,"y":0.833},"o":{"x":0.333,"y":0},"t":91.516,"s":[190.47,346.47,0],"to":[0,4.546,0],"ti":[0,-1.864,0]},{"t":96.2421875,"s":[190.47,341.976,0]}],"ix":2},"a":{"a":0,"k":[12.059,12.052,0],"ix":1},"s":{"a":0,"k":[100,100,100],"ix":6}},"ao":0,"shapes":[{"ty":"gr","it":[{"ind":0,"ty":"sh","ix":1,"ks":{"a":0,"k":{"i":[[0,0],[0,0],[-1.099,-1.217],[-1.615,0],[-1.092,1.215],[0,2.316],[1.094,1.217],[1.615,0],[1.1,-1.215],[0,-2.287]],"o":[[0,0],[0,2.287],[1.1,1.215],[1.615,0],[1.094,-1.217],[0,-2.258],[-1.092,-1.215],[-1.615,0],[-1.099,1.217],[0,0]],"v":[[6.337,12.053],[6.337,12.053],[7.987,17.308],[12.058,19.133],[16.118,17.308],[17.758,12.009],[16.118,6.797],[12.058,4.973],[7.987,6.797],[6.337,12.053]],"c":false},"ix":2},"nm":"Trazado 1","mn":"ADBE Vector Shape - Group","hd":false},{"ind":1,"ty":"sh","ix":2,"ks":{"a":0,"k":{"i":[[0,2.651],[-1.013,1.898],[-1.856,0.999],[-2.289,0],[-2.26,-2.265],[0,-3.46],[2.282,-2.294],[3.462,0],[1.943,0.956],[1.011,1.845]],"o":[[0,-2.026],[1.011,-1.896],[1.855,-0.998],[3.536,0],[2.258,2.265],[0,3.489],[-2.28,2.297],[-2.142,0],[-1.945,-0.956],[-1.013,-1.845]],"v":[[0,11.726],[1.518,5.841],[5.819,1.498],[12.036,0],[20.729,3.399],[24.118,11.987],[20.696,20.662],[12.08,24.105],[5.952,22.671],[1.518,18.469]],"c":true},"ix":2},"nm":"Trazado 2","mn":"ADBE Vector Shape - Group","hd":false},{"ty":"fl","c":{"a":0,"k":[1,1,1,1],"ix":4},"o":{"a":0,"k":100,"ix":5},"r":1,"bm":0,"nm":"Relleno 1","mn":"ADBE Vector Graphic - Fill","hd":false},{"ty":"tr","p":{"a":0,"k":[0,0],"ix":2},"a":{"a":0,"k":[0,0],"ix":1},"s":{"a":0,"k":[100,100],"ix":3},"r":{"a":0,"k":0,"ix":6},"o":{"a":0,"k":100,"ix":7},"sk":{"a":0,"k":0,"ix":4},"sa":{"a":0,"k":0,"ix":5},"nm":"Transformar"}],"nm":"Trazado 4","np":3,"cix":2,"bm":0,"ix":1,"mn":"ADBE Vector Group","hd":false}],"ip":0,"op":3600,"st":0,"bm":0},{"ddd":0,"ind":10,"ty":4,"nm":"Trazado 3","sr":1,"ks":{"o":{"a":1,"k":[{"i":{"x":[0.833],"y":[0.833]},"o":{"x":[0.333],"y":[0]},"t":75.758,"s":[0]},{"t":88.36328125,"s":[100]}],"ix":11},"r":{"a":0,"k":0,"ix":10},"p":{"a":1,"k":[{"i":{"x":0.833,"y":0.833},"o":{"x":0.333,"y":0},"t":75.758,"s":[164.436,314.976,0],"to":[0,2.703,0],"ti":[0,-6.594,0]},{"i":{"x":0.833,"y":0.833},"o":{"x":0.333,"y":0},"t":83.637,"s":[164.436,346.849,0],"to":[0,4.382,0],"ti":[0,-1.797,0]},{"t":88.36328125,"s":[164.436,341.976,0]}],"ix":2},"a":{"a":0,"k":[11.025,12.052,0],"ix":1},"s":{"a":0,"k":[100,100,100],"ix":6}},"ao":0,"shapes":[{"ty":"gr","it":[{"ind":0,"ty":"sh","ix":1,"ks":{"a":0,"k":{"i":[[0,0],[0,0],[0.725,0.608],[1.158,0],[0.918,-1.05],[0,-2.462],[-0.932,-1.129],[-1.569,0],[-0.748,0.659],[-0.308,1.608],[0,0],[1.79,-1.404],[3.008,0],[2.032,2.129],[0,3.763],[-2.039,2.12],[-3.478,0],[-1.68,-1.208],[-0.735,-2.474]],"o":[[0,0],[-0.206,-1.202],[-0.726,-0.608],[-1.54,0],[-0.917,1.05],[0,2.737],[0.93,1.129],[1.173,0],[0.748,-0.659],[0,0],[-0.632,2.75],[-1.79,1.406],[-3.418,0],[-2.031,-2.129],[0,-3.809],[2.039,-2.12],[2.845,0],[1.68,1.208],[0,0]],"v":[[21.742,7.339],[15.646,8.427],[14.249,5.711],[11.421,4.8],[7.734,6.374],[6.359,11.64],[7.757,17.438],[11.509,19.133],[14.392,18.144],[15.977,14.745],[22.05,15.766],[18.419,21.998],[11.222,24.105],[3.047,20.913],[0,12.075],[3.059,3.182],[11.334,0],[18.122,1.813],[21.742,7.339]],"c":false},"ix":2},"nm":"Trazado 1","mn":"ADBE Vector Shape - Group","hd":false},{"ty":"fl","c":{"a":0,"k":[1,1,1,1],"ix":4},"o":{"a":0,"k":100,"ix":5},"r":1,"bm":0,"nm":"Relleno 1","mn":"ADBE Vector Graphic - Fill","hd":false},{"ty":"tr","p":{"a":0,"k":[0,0],"ix":2},"a":{"a":0,"k":[0,0],"ix":1},"s":{"a":0,"k":[100,100],"ix":3},"r":{"a":0,"k":0,"ix":6},"o":{"a":0,"k":100,"ix":7},"sk":{"a":0,"k":0,"ix":4},"sa":{"a":0,"k":0,"ix":5},"nm":"Transformar"}],"nm":"Trazado 3","np":2,"cix":2,"bm":0,"ix":1,"mn":"ADBE Vector Group","hd":false}],"ip":0,"op":3600,"st":0,"bm":0},{"ddd":0,"ind":11,"ty":4,"nm":"Trazado 2","sr":1,"ks":{"o":{"a":1,"k":[{"i":{"x":[0.833],"y":[0.833]},"o":{"x":[0.333],"y":[0]},"t":67.879,"s":[0]},{"t":80.484375,"s":[100]}],"ix":11},"r":{"a":0,"k":0,"ix":10},"p":{"a":1,"k":[{"i":{"x":0.833,"y":0.833},"o":{"x":0.333,"y":0},"t":67.879,"s":[139.058,312.236,0],"to":[0,3.003,0],"ti":[0,-7.326,0]},{"i":{"x":0.833,"y":0.833},"o":{"x":0.333,"y":0},"t":75.758,"s":[139.058,347.98,0],"to":[0,4.87,0],"ti":[0,-1.997,0]},{"t":80.484375,"s":[139.058,342.236,0]}],"ix":2},"a":{"a":0,"k":[9.873,11.792,0],"ix":1},"s":{"a":0,"k":[100,100,100],"ix":6}},"ao":0,"shapes":[{"ty":"gr","it":[{"ind":0,"ty":"sh","ix":1,"ks":{"a":0,"k":{"i":[[0,0],[0,0],[3.256,0],[1.245,0.521],[0.605,0.79],[0.244,1.144],[0,1.665],[0,0],[0,0],[0,0],[-0.167,-0.709],[-0.841,-0.586],[-1.239,0],[-1.085,0.602],[-0.452,1.035],[0,1.97],[0,0],[0,0],[0,0]],"o":[[0,0],[-1.896,2.606],[-1.438,0],[-1.247,-0.521],[-0.603,-0.789],[-0.169,-0.767],[0,0],[0,0],[0,0],[0,2.041],[0.26,1.028],[0.841,0.586],[1.239,0],[1.085,-0.6],[0.452,-1.035],[0,0],[0,0],[0,0],[0,0]],"v":[[16.054,23.063],[16.054,19.676],[8.325,23.584],[4.301,22.802],[1.525,20.837],[0.253,17.938],[0,14.29],[0,0],[4.129,0],[4.129,12.791],[4.38,16.917],[6.032,19.339],[9.151,20.219],[12.636,19.317],[14.942,16.863],[15.618,12.357],[15.618,0],[19.747,0],[19.747,23.063]],"c":true},"ix":2},"nm":"Trazado 1","mn":"ADBE Vector Shape - Group","hd":false},{"ty":"fl","c":{"a":0,"k":[1,1,1,1],"ix":4},"o":{"a":0,"k":100,"ix":5},"r":1,"bm":0,"nm":"Relleno 1","mn":"ADBE Vector Graphic - Fill","hd":false},{"ty":"tr","p":{"a":0,"k":[0,0],"ix":2},"a":{"a":0,"k":[0,0],"ix":1},"s":{"a":0,"k":[100,100],"ix":3},"r":{"a":0,"k":0,"ix":6},"o":{"a":0,"k":100,"ix":7},"sk":{"a":0,"k":0,"ix":4},"sa":{"a":0,"k":0,"ix":5},"nm":"Transformar"}],"nm":"Trazado 2","np":2,"cix":2,"bm":0,"ix":1,"mn":"ADBE Vector Group","hd":false}],"ip":0,"op":3600,"st":0,"bm":0},{"ddd":0,"ind":12,"ty":4,"nm":"Trazado 1","sr":1,"ks":{"o":{"a":1,"k":[{"i":{"x":[0.833],"y":[0.833]},"o":{"x":[0.333],"y":[0]},"t":60,"s":[0]},{"t":72.60546875,"s":[100]}],"ix":11},"r":{"a":0,"k":0,"ix":10},"p":{"a":1,"k":[{"i":{"x":0.833,"y":0.833},"o":{"x":0.333,"y":0},"t":60,"s":[114.943,314.493,0],"to":[0,2.659,0],"ti":[0,-6.546,0]},{"i":{"x":0.833,"y":0.833},"o":{"x":0.333,"y":0},"t":67.879,"s":[114.943,347.987,0],"to":[0,4.735,0],"ti":[0,-1.924,0]},{"t":72.60546875,"s":[114.943,341.993,0]}],"ix":2},"a":{"a":0,"k":[10.63,12.258,0],"ix":1},"s":{"a":0,"k":[100,100,100],"ix":6}},"ao":0,"shapes":[{"ty":"gr","it":[{"ind":0,"ty":"sh","ix":1,"ks":{"a":0,"k":{"i":[[0,0],[0,0],[0,0],[0.811,0.986],[1.984,0],[1.224,-1.222],[0.13,-2.046]],"o":[[0,0],[0,0],[-0.174,-1.973],[-1.245,-1.532],[-1.795,0],[-1.224,1.222],[0,0]],"v":[[4.255,10.006],[4.255,10.006],[17.133,10.006],[15.656,5.567],[10.813,3.269],[6.286,5.101],[4.255,10.006]],"c":false},"ix":2},"nm":"Trazado 1","mn":"ADBE Vector Shape - Group","hd":false},{"ind":1,"ty":"sh","ix":2,"ks":{"a":0,"k":{"i":[[-0.595,1.677],[0,0],[1.722,-1.326],[2.678,0],[1.977,2.113],[0,3.812],[-1.999,2.179],[-3.185,0],[-1.955,-2.134],[0,-3.873],[0.013,-0.47],[0,0],[-1.289,-1.368],[-1.926,0],[-1.013,0.765]],"o":[[0,0],[-0.637,2.4],[-1.722,1.325],[-3.374,0],[-1.975,-2.113],[0,-3.947],[1.997,-2.181],[3.084,0],[1.955,2.135],[0,0.236],[0,0],[0.145,2.577],[1.289,1.37],[1.432,0],[1.013,-0.765]],"v":[[17.091,16.433],[21.129,16.941],[17.589,22.529],[10.988,24.516],[2.963,21.346],[0,12.458],[2.996,3.269],[10.771,0],[18.328,3.202],[21.26,12.213],[21.238,13.273],[4.038,13.273],[6.188,19.192],[11.01,21.247],[14.679,20.099]],"c":true},"ix":2},"nm":"Trazado 2","mn":"ADBE Vector Shape - Group","hd":false},{"ty":"fl","c":{"a":0,"k":[1,1,1,1],"ix":4},"o":{"a":0,"k":100,"ix":5},"r":1,"bm":0,"nm":"Relleno 1","mn":"ADBE Vector Graphic - Fill","hd":false},{"ty":"tr","p":{"a":0,"k":[0,0],"ix":2},"a":{"a":0,"k":[0,0],"ix":1},"s":{"a":0,"k":[100,100],"ix":3},"r":{"a":0,"k":0,"ix":6},"o":{"a":0,"k":100,"ix":7},"sk":{"a":0,"k":0,"ix":4},"sa":{"a":0,"k":0,"ix":5},"nm":"Transformar"}],"nm":"Trazado 1","np":3,"cix":2,"bm":0,"ix":1,"mn":"ADBE Vector Group","hd":false}],"ip":0,"op":3600,"st":0,"bm":0},{"ddd":0,"ind":13,"ty":5,"nm":"gasolineras","sr":1,"ks":{"o":{"a":0,"k":100,"ix":11},"r":{"a":0,"k":0,"ix":10},"p":{"a":0,"k":[197.594,363.033,0],"ix":2},"a":{"a":0,"k":[0,0,0],"ix":1},"s":{"a":0,"k":[100,100,100],"ix":6}},"ao":0,"t":{"d":{"k":[{"s":{"s":13,"f":"Arial-BoldMT","t":"gasolineras","j":0,"tr":0,"lh":15.6,"ls":0,"fc":[1,1,1]},"t":0}]},"p":{},"m":{"g":1,"a":{"a":0,"k":[0,0],"ix":2}},"a":[{"nm":"Animators","s":{"t":0,"xe":{"k":0},"ne":{"k":0},"a":{"k":100},"b":1,"sh":0,"s":{"k":0},"e":{"k":100},"o":{"k":0}},"a":{"fo":{"a":0,"k":100,"ix":10},"so":{"a":0,"k":100,"ix":11}}},{"nm":"Animación 1","s":{"t":0,"xe":{"a":0,"k":0,"ix":7},"ne":{"a":0,"k":0,"ix":8},"a":{"a":0,"k":100,"ix":4},"b":1,"rn":0,"sh":1,"s":{"a":1,"k":[{"i":{"x":[0.833],"y":[0.833]},"o":{"x":[0.822],"y":[1.283]},"t":109,"s":[0]},{"t":140,"s":[100]}],"ix":1},"e":{"a":1,"k":[{"i":{"x":[0.833],"y":[1]},"o":{"x":[0.333],"y":[0]},"t":109,"s":[100]},{"t":140,"s":[100]}],"ix":2},"r":1},"a":{"o":{"a":0,"k":0,"ix":9}}}]},"ip":0,"op":3600,"st":0,"bm":0}]},{"id":"comp_1","layers":[{"ddd":0,"ind":1,"ty":4,"nm":"Elipse 8","sr":1,"ks":{"o":{"a":1,"k":[{"i":{"x":[0.833],"y":[0.833]},"o":{"x":[0.333],"y":[0]},"t":180.4,"s":[0]},{"t":208,"s":[45]}],"ix":11},"r":{"a":0,"k":0,"ix":10},"p":{"a":0,"k":[187,250.5,0],"ix":2},"a":{"a":0,"k":[0,0,0],"ix":1},"s":{"a":1,"k":[{"i":{"x":[0.833,0.833,0.833],"y":[0.833,0.833,1.214]},"o":{"x":[0.333,0.333,0.333],"y":[0,0,0]},"t":180.4,"s":[79,79,100]},{"t":208,"s":[100,100,100]}],"ix":6}},"ao":0,"shapes":[{"ty":"gr","it":[{"d":1,"ty":"el","s":{"a":0,"k":[450,450],"ix":2},"p":{"a":0,"k":[0,0],"ix":3},"nm":"Trazado elíptico 1","mn":"ADBE Vector Shape - Ellipse","hd":false},{"ty":"st","c":{"a":0,"k":[1,1,1,1],"ix":3},"o":{"a":0,"k":100,"ix":4},"w":{"a":0,"k":1,"ix":5},"lc":1,"lj":1,"ml":4,"bm":0,"nm":"Trazo 1","mn":"ADBE Vector Graphic - Stroke","hd":false},{"ty":"op","nm":"Desplazar trazados 1","a":{"a":0,"k":-0.5,"ix":1},"lj":1,"ml":{"a":0,"k":4,"ix":3},"ix":3,"mn":"ADBE Vector Filter - Offset","hd":false},{"ty":"tr","p":{"a":0,"k":[0,0],"ix":2},"a":{"a":0,"k":[0,0],"ix":1},"s":{"a":0,"k":[100,100],"ix":3},"r":{"a":0,"k":0,"ix":6},"o":{"a":0,"k":100,"ix":7},"sk":{"a":0,"k":0,"ix":4},"sa":{"a":0,"k":0,"ix":5},"nm":"Transformar"}],"nm":"Elipse 8 Stroke","np":3,"cix":2,"bm":0,"ix":1,"mn":"ADBE Vector Group","hd":false},{"ty":"gr","it":[{"d":1,"ty":"el","s":{"a":0,"k":[450,450],"ix":2},"p":{"a":0,"k":[0,0],"ix":3},"nm":"Trazado elíptico 1","mn":"ADBE Vector Shape - Ellipse","hd":false},{"ty":"tr","p":{"a":0,"k":[0,0],"ix":2},"a":{"a":0,"k":[0,0],"ix":1},"s":{"a":0,"k":[100,100],"ix":3},"r":{"a":0,"k":0,"ix":6},"o":{"a":0,"k":100,"ix":7},"sk":{"a":0,"k":0,"ix":4},"sa":{"a":0,"k":0,"ix":5},"nm":"Transformar"}],"nm":"Elipse 8 Fill","np":2,"cix":2,"bm":0,"ix":2,"mn":"ADBE Vector Group","hd":false}],"ip":0,"op":3600,"st":0,"bm":0},{"ddd":0,"ind":2,"ty":4,"nm":"Elipse 7","sr":1,"ks":{"o":{"a":1,"k":[{"i":{"x":[0.833],"y":[0.833]},"o":{"x":[0.333],"y":[0]},"t":166.6,"s":[0]},{"t":194.19921875,"s":[35]}],"ix":11},"r":{"a":0,"k":0,"ix":10},"p":{"a":0,"k":[187,250.5,0],"ix":2},"a":{"a":0,"k":[0,0,0],"ix":1},"s":{"a":1,"k":[{"i":{"x":[0.833,0.833,0.833],"y":[0.833,0.833,1.228]},"o":{"x":[0.333,0.333,0.333],"y":[0,0,0]},"t":166.6,"s":[74,74,100]},{"t":194.19921875,"s":[100,100,100]}],"ix":6}},"ao":0,"shapes":[{"ty":"gr","it":[{"d":1,"ty":"el","s":{"a":0,"k":[350,350],"ix":2},"p":{"a":0,"k":[0,0],"ix":3},"nm":"Trazado elíptico 1","mn":"ADBE Vector Shape - Ellipse","hd":false},{"ty":"st","c":{"a":0,"k":[1,1,1,1],"ix":3},"o":{"a":0,"k":100,"ix":4},"w":{"a":0,"k":1,"ix":5},"lc":1,"lj":1,"ml":4,"bm":0,"nm":"Trazo 1","mn":"ADBE Vector Graphic - Stroke","hd":false},{"ty":"op","nm":"Desplazar trazados 1","a":{"a":0,"k":-0.5,"ix":1},"lj":1,"ml":{"a":0,"k":4,"ix":3},"ix":3,"mn":"ADBE Vector Filter - Offset","hd":false},{"ty":"tr","p":{"a":0,"k":[0,0],"ix":2},"a":{"a":0,"k":[0,0],"ix":1},"s":{"a":0,"k":[100,100],"ix":3},"r":{"a":0,"k":0,"ix":6},"o":{"a":0,"k":100,"ix":7},"sk":{"a":0,"k":0,"ix":4},"sa":{"a":0,"k":0,"ix":5},"nm":"Transformar"}],"nm":"Elipse 7 Stroke","np":3,"cix":2,"bm":0,"ix":1,"mn":"ADBE Vector Group","hd":false},{"ty":"gr","it":[{"d":1,"ty":"el","s":{"a":0,"k":[350,350],"ix":2},"p":{"a":0,"k":[0,0],"ix":3},"nm":"Trazado elíptico 1","mn":"ADBE Vector Shape - Ellipse","hd":false},{"ty":"tr","p":{"a":0,"k":[0,0],"ix":2},"a":{"a":0,"k":[0,0],"ix":1},"s":{"a":0,"k":[100,100],"ix":3},"r":{"a":0,"k":0,"ix":6},"o":{"a":0,"k":100,"ix":7},"sk":{"a":0,"k":0,"ix":4},"sa":{"a":0,"k":0,"ix":5},"nm":"Transformar"}],"nm":"Elipse 7 Fill","np":2,"cix":2,"bm":0,"ix":2,"mn":"ADBE Vector Group","hd":false}],"ip":0,"op":3600,"st":0,"bm":0},{"ddd":0,"ind":3,"ty":4,"nm":"Elipse 6","sr":1,"ks":{"o":{"a":1,"k":[{"i":{"x":[0.833],"y":[0.833]},"o":{"x":[0.333],"y":[0]},"t":152.801,"s":[0]},{"t":180.400390625,"s":[25]}],"ix":11},"r":{"a":0,"k":0,"ix":10},"p":{"a":0,"k":[187,250.5,0],"ix":2},"a":{"a":0,"k":[0,0,0],"ix":1},"s":{"a":1,"k":[{"i":{"x":[0.833,0.833,0.833],"y":[0.833,0.833,0.762]},"o":{"x":[0.333,0.333,0.333],"y":[0,0,0]},"t":152.801,"s":[69,69,100]},{"t":180.400390625,"s":[100,100,100]}],"ix":6}},"ao":0,"shapes":[{"ty":"gr","it":[{"d":1,"ty":"el","s":{"a":0,"k":[260,260],"ix":2},"p":{"a":0,"k":[0,0],"ix":3},"nm":"Trazado elíptico 1","mn":"ADBE Vector Shape - Ellipse","hd":false},{"ty":"st","c":{"a":0,"k":[1,1,1,1],"ix":3},"o":{"a":0,"k":100,"ix":4},"w":{"a":0,"k":1,"ix":5},"lc":1,"lj":1,"ml":4,"bm":0,"nm":"Trazo 1","mn":"ADBE Vector Graphic - Stroke","hd":false},{"ty":"op","nm":"Desplazar trazados 1","a":{"a":0,"k":-0.5,"ix":1},"lj":1,"ml":{"a":0,"k":4,"ix":3},"ix":3,"mn":"ADBE Vector Filter - Offset","hd":false},{"ty":"tr","p":{"a":0,"k":[0,0],"ix":2},"a":{"a":0,"k":[0,0],"ix":1},"s":{"a":0,"k":[100,100],"ix":3},"r":{"a":0,"k":0,"ix":6},"o":{"a":0,"k":100,"ix":7},"sk":{"a":0,"k":0,"ix":4},"sa":{"a":0,"k":0,"ix":5},"nm":"Transformar"}],"nm":"Elipse 6 Stroke","np":3,"cix":2,"bm":0,"ix":1,"mn":"ADBE Vector Group","hd":false},{"ty":"gr","it":[{"d":1,"ty":"el","s":{"a":0,"k":[260,260],"ix":2},"p":{"a":0,"k":[0,0],"ix":3},"nm":"Trazado elíptico 1","mn":"ADBE Vector Shape - Ellipse","hd":false},{"ty":"tr","p":{"a":0,"k":[0,0],"ix":2},"a":{"a":0,"k":[0,0],"ix":1},"s":{"a":0,"k":[100,100],"ix":3},"r":{"a":0,"k":0,"ix":6},"o":{"a":0,"k":100,"ix":7},"sk":{"a":0,"k":0,"ix":4},"sa":{"a":0,"k":0,"ix":5},"nm":"Transformar"}],"nm":"Elipse 6 Fill","np":2,"cix":2,"bm":0,"ix":2,"mn":"ADBE Vector Group","hd":false}],"ip":0,"op":3600,"st":0,"bm":0},{"ddd":0,"ind":4,"ty":4,"nm":"Elipse 5","sr":1,"ks":{"o":{"a":1,"k":[{"i":{"x":[0.833],"y":[0.833]},"o":{"x":[0.333],"y":[0]},"t":139,"s":[0]},{"t":166.599609375,"s":[15]}],"ix":11},"r":{"a":0,"k":0,"ix":10},"p":{"a":0,"k":[187,250.5,0],"ix":2},"a":{"a":0,"k":[0,0,0],"ix":1},"s":{"a":1,"k":[{"i":{"x":[0.833,0.833,0.833],"y":[0.833,0.833,2.19]},"o":{"x":[0.333,0.333,0.333],"y":[0,0,0]},"t":139,"s":[15,15,100]},{"t":166.599609375,"s":[100,100,100]}],"ix":6}},"ao":0,"shapes":[{"ty":"gr","it":[{"d":1,"ty":"el","s":{"a":0,"k":[180,180],"ix":2},"p":{"a":0,"k":[0,0],"ix":3},"nm":"Trazado elíptico 1","mn":"ADBE Vector Shape - Ellipse","hd":false},{"ty":"st","c":{"a":0,"k":[1,1,1,1],"ix":3},"o":{"a":0,"k":100,"ix":4},"w":{"a":0,"k":1,"ix":5},"lc":1,"lj":1,"ml":4,"bm":0,"nm":"Trazo 1","mn":"ADBE Vector Graphic - Stroke","hd":false},{"ty":"op","nm":"Desplazar trazados 1","a":{"a":0,"k":-0.5,"ix":1},"lj":1,"ml":{"a":0,"k":4,"ix":3},"ix":3,"mn":"ADBE Vector Filter - Offset","hd":false},{"ty":"tr","p":{"a":0,"k":[0,0],"ix":2},"a":{"a":0,"k":[0,0],"ix":1},"s":{"a":0,"k":[100,100],"ix":3},"r":{"a":0,"k":0,"ix":6},"o":{"a":0,"k":100,"ix":7},"sk":{"a":0,"k":0,"ix":4},"sa":{"a":0,"k":0,"ix":5},"nm":"Transformar"}],"nm":"Elipse 5 Stroke","np":3,"cix":2,"bm":0,"ix":1,"mn":"ADBE Vector Group","hd":false},{"ty":"gr","it":[{"d":1,"ty":"el","s":{"a":0,"k":[180,180],"ix":2},"p":{"a":0,"k":[0,0],"ix":3},"nm":"Trazado elíptico 1","mn":"ADBE Vector Shape - Ellipse","hd":false},{"ty":"tr","p":{"a":0,"k":[0,0],"ix":2},"a":{"a":0,"k":[0,0],"ix":1},"s":{"a":0,"k":[100,100],"ix":3},"r":{"a":0,"k":0,"ix":6},"o":{"a":0,"k":100,"ix":7},"sk":{"a":0,"k":0,"ix":4},"sa":{"a":0,"k":0,"ix":5},"nm":"Transformar"}],"nm":"Elipse 5 Fill","np":2,"cix":2,"bm":0,"ix":2,"mn":"ADBE Vector Group","hd":false}],"ip":0,"op":3600,"st":0,"bm":0}]}],"fonts":{"list":[{"fName":"Arial-BoldMT","fFamily":"Arial","fStyle":"Bold","ascent":71.5988159179688}]},"layers":[{"ddd":0,"ind":1,"ty":0,"nm":"logo","refId":"comp_0","sr":1,"ks":{"o":{"a":0,"k":100,"ix":11},"r":{"a":0,"k":0,"ix":10},"p":{"a":0,"k":[187.5,302,0],"ix":2},"a":{"a":0,"k":[187.5,333.5,0],"ix":1},"s":{"a":0,"k":[100,100,100],"ix":6}},"ao":0,"w":375,"h":667,"ip":0,"op":3600,"st":0,"bm":0},{"ddd":0,"ind":3,"ty":0,"nm":"Precomp. 1","refId":"comp_1","sr":1,"ks":{"o":{"a":0,"k":100,"ix":11},"r":{"a":0,"k":0,"ix":10},"p":{"a":0,"k":[187.5,252,0],"ix":2},"a":{"a":0,"k":[187.5,250,0],"ix":1},"s":{"a":0,"k":[100,100,100],"ix":6}},"ao":0,"w":375,"h":500,"ip":0,"op":3600,"st":0,"bm":0}],"markers":[],"chars":[{"ch":"g","size":13,"style":"Bold","w":61.08,"data":{"shapes":[{"ty":"gr","it":[{"ind":0,"ty":"sh","ix":1,"ks":{"a":0,"k":{"i":[[0,-0.456],[-3.679,-3.011],[-8.789,0],[-3.044,0.977],[-1.823,1.725],[-1.009,3.027],[0,6.12],[0,0],[0,0],[0,0],[6.413,0],[4.182,-4.59],[0,-8.691],[-3.191,-4.655],[-6.966,0],[-4.102,5.599],[0,0],[0.423,-1.14],[1.204,-0.716],[3.58,0],[1.302,0.977],[0.26,1.823],[0,0]],"o":[[0,4.622],[3.678,3.011],[4.655,0],[3.043,-0.977],[1.823,-1.726],[1.009,-3.027],[0,0],[0,0],[0,0],[-4.167,-5.631],[-6.218,0],[-4.183,4.59],[0,6.934],[4.069,5.892],[6.25,0],[0,0],[0,3.059],[-0.619,1.595],[-1.791,1.074],[-2.8,0],[-0.945,-0.684],[0,0],[-0.033,0.651]],"v":[[5.859,5.078],[11.377,16.528],[30.078,21.045],[41.626,19.58],[48.926,15.527],[53.174,8.398],[54.688,-5.322],[54.688,-51.855],[41.846,-51.855],[41.846,-44.58],[25.977,-53.027],[10.376,-46.143],[4.102,-26.221],[8.887,-8.838],[25.439,0],[40.967,-8.398],[40.967,-0.83],[40.332,5.469],[37.598,8.936],[29.541,10.547],[23.389,9.082],[21.582,5.322],[5.908,3.418]],"c":true},"ix":2},"nm":"g","mn":"ADBE Vector Shape - Group","hd":false},{"ind":1,"ty":"sh","ix":2,"ks":{"a":0,"k":{"i":[[-2.132,2.556],[-3.288,0],[-2.214,-2.604],[0,-5.371],[2.311,-2.62],[3.352,0],[2.132,2.556],[0,5.502]],"o":[[2.132,-2.555],[3.385,0],[2.213,2.605],[0,5.144],[-2.312,2.621],[-3.125,0],[-2.132,-2.555],[0,-5.241]],"v":[[21.362,-38.696],[29.492,-42.529],[37.891,-38.623],[41.211,-26.66],[37.744,-15.015],[29.248,-11.084],[21.362,-14.917],[18.164,-27.002]],"c":true},"ix":2},"nm":"g","mn":"ADBE Vector Shape - Group","hd":false}],"nm":"g","np":5,"cix":2,"bm":0,"ix":1,"mn":"ADBE Vector Group","hd":false}]},"fFamily":"Arial"},{"ch":"a","size":13,"style":"Bold","w":55.62,"data":{"shapes":[{"ty":"gr","it":[{"ind":0,"ty":"sh","ix":1,"ks":{"a":0,"k":{"i":[[-1.367,0.961],[-2.441,0],[-1.302,-1.123],[0,-2.637],[0,0],[6.413,-1.204],[2.522,-1.221],[1.399,-2.295],[0,-2.93],[-3.076,-2.897],[-5.339,0],[-2.67,1.139],[-2.344,2.279],[-0.228,-0.813],[-0.359,-0.911],[0,0],[0.439,2.165],[0,4.558],[0,0],[1.221,2.23],[2.995,1.449],[6.12,0],[3.418,-2.409],[1.399,-5.013],[0,0]],"o":[[1.367,-0.96],[3.613,0],[1.302,1.123],[0,0],[-2.474,1.042],[-4.753,0.912],[-2.523,1.221],[-1.4,2.295],[0,4.427],[3.076,2.898],[3.027,0],[2.669,-1.139],[0.098,0.261],[0.52,1.791],[0,0],[-1.205,-2.473],[-0.439,-2.164],[0,0],[0,-5.957],[-1.221,-2.229],[-2.995,-1.448],[-6.738,0],[-3.418,2.409],[0,0],[0.846,-2.409]],"v":[[20.752,-41.089],[26.465,-42.529],[33.838,-40.845],[35.791,-35.205],[35.791,-33.838],[22.461,-30.469],[11.548,-27.271],[5.664,-21.997],[3.564,-14.16],[8.179,-3.174],[20.801,1.172],[29.346,-0.537],[36.865,-5.664],[37.354,-4.053],[38.672,0],[52.246,0],[49.78,-6.958],[49.121,-17.041],[49.268,-33.057],[47.437,-45.337],[41.113,-50.854],[27.441,-53.027],[12.207,-49.414],[4.98,-38.281],[17.432,-36.035]],"c":true},"ix":2},"nm":"a","mn":"ADBE Vector Shape - Group","hd":false},{"ind":1,"ty":"sh","ix":2,"ks":{"a":0,"k":{"i":[[0,0],[0.358,-1.172],[1.66,-1.237],[2.473,0],[1.432,1.4],[0,1.921],[-1.791,1.27],[-3.809,0.814],[-1.758,0.586]],"o":[[0,3.288],[-0.521,1.791],[-2.246,1.628],[-2.214,0],[-1.433,-1.399],[0,-1.953],[1.172,-0.781],[3.809,-0.813],[0,0]],"v":[[35.791,-22.168],[35.254,-15.479],[31.982,-10.938],[24.902,-8.496],[19.434,-10.596],[17.285,-15.576],[19.971,-20.41],[27.441,-22.803],[35.791,-24.902]],"c":true},"ix":2},"nm":"a","mn":"ADBE Vector Shape - Group","hd":false}],"nm":"a","np":5,"cix":2,"bm":0,"ix":1,"mn":"ADBE Vector Group","hd":false}]},"fFamily":"Arial"},{"ch":"s","size":13,"style":"Bold","w":55.62,"data":{"shapes":[{"ty":"gr","it":[{"ind":0,"ty":"sh","ix":1,"ks":{"a":0,"k":{"i":[[-4.118,-2.864],[-7.064,0],[-3.972,3.418],[0,4.753],[2.864,2.441],[7.307,1.66],[1.237,0.912],[0,0.977],[-1.042,0.716],[-3.613,0],[-1.546,-1.074],[-0.554,-2.018],[0,0],[3.45,2.312],[7.096,0],[3.548,-3.059],[0,-4.492],[-4.102,-2.799],[-11.068,-2.441],[-0.684,-0.651],[0,-1.041],[1.204,-0.911],[3.548,0],[1.79,1.384],[0.586,2.67],[0,0]],"o":[[4.118,2.865],[7.78,0],[3.971,-3.418],[0,-4.362],[-2.898,-2.409],[-7.308,-1.66],[-0.912,-0.684],[0,-1.139],[1.562,-1.009],[2.864,0],[1.546,1.074],[0,0],[-1.302,-4.524],[-3.451,-2.311],[-7.455,0],[-3.548,3.06],[0,4.98],[2.962,2.019],[2.376,0.554],[0.651,0.684],[0,1.53],[-1.791,1.302],[-3.223,0],[-1.791,-1.383],[0,0],[1.27,4.916]],"v":[[10.425,-3.125],[27.197,1.172],[44.824,-3.955],[50.781,-16.211],[46.484,-26.416],[31.177,-32.52],[18.359,-36.377],[16.992,-38.867],[18.555,-41.65],[26.318,-43.164],[32.935,-41.553],[36.084,-36.914],[49.023,-39.307],[41.895,-49.561],[26.074,-53.027],[9.57,-48.438],[4.248,-37.109],[10.4,-25.439],[31.445,-18.75],[36.035,-16.943],[37.012,-14.355],[35.205,-10.693],[27.197,-8.74],[19.678,-10.815],[16.113,-16.895],[2.344,-14.795]],"c":true},"ix":2},"nm":"s","mn":"ADBE Vector Shape - Group","hd":false}],"nm":"s","np":3,"cix":2,"bm":0,"ix":1,"mn":"ADBE Vector Group","hd":false}]},"fFamily":"Arial"},{"ch":"o","size":13,"style":"Bold","w":61.08,"data":{"shapes":[{"ty":"gr","it":[{"ind":0,"ty":"sh","ix":1,"ks":{"a":0,"k":{"i":[[-2.246,-4.15],[-4.314,-2.148],[-4.753,0],[-5.062,5.16],[0,7.845],[5.013,5.095],[7.845,0],[4.118,-2.246],[2.246,-4.264],[0,-4.557]],"o":[[2.246,4.15],[4.313,2.148],[7.682,0],[5.061,-5.159],[0,-7.78],[-5.013,-5.094],[-5.078,0],[-4.118,2.246],[-2.246,4.265],[0,5.957]],"v":[[7.373,-11.499],[17.212,-2.051],[30.811,1.172],[49.927,-6.567],[57.52,-26.074],[50,-45.386],[30.713,-53.027],[16.919,-49.658],[7.373,-39.893],[4.004,-26.66]],"c":true},"ix":2},"nm":"o","mn":"ADBE Vector Shape - Group","hd":false},{"ind":1,"ty":"sh","ix":2,"ks":{"a":0,"k":{"i":[[-2.441,2.734],[-3.581,0],[-2.425,-2.734],[0,-5.078],[2.425,-2.734],[3.58,0],[2.441,2.734],[0,5.144]],"o":[[2.441,-2.734],[3.58,0],[2.425,2.734],[0,5.209],[-2.425,2.734],[-3.581,0],[-2.441,-2.734],[0,-5.143]],"v":[[21.729,-37.744],[30.762,-41.846],[39.771,-37.744],[43.408,-26.025],[39.771,-14.111],[30.762,-10.01],[21.729,-14.111],[18.066,-25.928]],"c":true},"ix":2},"nm":"o","mn":"ADBE Vector Shape - Group","hd":false}],"nm":"o","np":5,"cix":2,"bm":0,"ix":1,"mn":"ADBE Vector Group","hd":false}]},"fFamily":"Arial"},{"ch":"l","size":13,"style":"Bold","w":27.78,"data":{"shapes":[{"ty":"gr","it":[{"ind":0,"ty":"sh","ix":1,"ks":{"a":0,"k":{"i":[[0,0],[0,0],[0,0],[0,0]],"o":[[0,0],[0,0],[0,0],[0,0]],"v":[[20.898,0],[20.898,-71.582],[7.178,-71.582],[7.178,0]],"c":true},"ix":2},"nm":"l","mn":"ADBE Vector Shape - Group","hd":false}],"nm":"l","np":3,"cix":2,"bm":0,"ix":1,"mn":"ADBE Vector Group","hd":false}]},"fFamily":"Arial"},{"ch":"i","size":13,"style":"Bold","w":27.78,"data":{"shapes":[{"ty":"gr","it":[{"ind":0,"ty":"sh","ix":1,"ks":{"a":0,"k":{"i":[[0,0],[0,0],[0,0],[0,0]],"o":[[0,0],[0,0],[0,0],[0,0]],"v":[[20.898,-58.887],[20.898,-71.582],[7.178,-71.582],[7.178,-58.887]],"c":true},"ix":2},"nm":"i","mn":"ADBE Vector Shape - Group","hd":false},{"ind":1,"ty":"sh","ix":2,"ks":{"a":0,"k":{"i":[[0,0],[0,0],[0,0],[0,0]],"o":[[0,0],[0,0],[0,0],[0,0]],"v":[[20.898,0],[20.898,-51.855],[7.178,-51.855],[7.178,0]],"c":true},"ix":2},"nm":"i","mn":"ADBE Vector Shape - Group","hd":false}],"nm":"i","np":5,"cix":2,"bm":0,"ix":1,"mn":"ADBE Vector Group","hd":false}]},"fFamily":"Arial"},{"ch":"n","size":13,"style":"Bold","w":61.08,"data":{"shapes":[{"ty":"gr","it":[{"ind":0,"ty":"sh","ix":1,"ks":{"a":0,"k":{"i":[[0,0],[0.504,2.148],[1.286,1.693],[2.506,1.091],[3.027,0],[4.524,-5.859],[0,0],[0,0],[0,0],[0,0],[0,0],[-0.7,2.148],[-1.888,1.302],[-2.377,0],[-1.318,-0.911],[-0.586,-1.643],[0,-5.598],[0,0],[0,0]],"o":[[0,-4.004],[-0.505,-2.148],[-1.286,-1.692],[-2.507,-1.09],[-6.869,0],[0,0],[0,0],[0,0],[0,0],[0,0],[0,-5.794],[0.7,-2.148],[1.888,-1.302],[1.855,0],[1.318,0.912],[0.586,1.644],[0,0],[0,0],[0,0]],"v":[[54.346,-32.227],[53.589,-41.455],[50.903,-47.217],[45.215,-51.392],[36.914,-53.027],[19.824,-44.238],[19.824,-51.855],[7.08,-51.855],[7.08,0],[20.801,0],[20.801,-23.486],[21.851,-35.4],[25.732,-40.576],[32.129,-42.529],[36.89,-41.162],[39.746,-37.329],[40.625,-26.465],[40.625,0],[54.346,0]],"c":true},"ix":2},"nm":"n","mn":"ADBE Vector Shape - Group","hd":false}],"nm":"n","np":3,"cix":2,"bm":0,"ix":1,"mn":"ADBE Vector Group","hd":false}]},"fFamily":"Arial"},{"ch":"e","size":13,"style":"Bold","w":55.62,"data":{"shapes":[{"ty":"gr","it":[{"ind":0,"ty":"sh","ix":1,"ks":{"a":0,"k":{"i":[[1.465,-1.172],[2.148,0],[2.116,2.263],[0.098,4.07],[0,0],[4.459,5.095],[7.715,0],[4.492,-4.866],[0,-8.594],[-3.418,-4.72],[-9.017,0],[-3.793,2.621],[-1.758,5.013],[0,0]],"o":[[-1.465,1.172],[-3.158,0],[-2.116,-2.262],[0,0],[0.195,-10.514],[-4.46,-5.094],[-6.869,0],[-4.492,4.867],[0,7.195],[4.329,5.892],[5.696,0],[3.792,-2.62],[0,0],[-0.749,2.605]],"v":[[33.887,-10.84],[28.467,-9.082],[20.557,-12.476],[17.236,-21.973],[51.611,-21.973],[45.215,-45.386],[26.953,-53.027],[9.912,-45.728],[3.174,-25.537],[8.301,-7.666],[28.32,1.172],[42.554,-2.759],[50.879,-14.209],[37.207,-16.504]],"c":true},"ix":2},"nm":"e","mn":"ADBE Vector Shape - Group","hd":false},{"ind":1,"ty":"sh","ix":2,"ks":{"a":0,"k":{"i":[[0,0],[-1.953,2.181],[-2.995,0],[-1.953,-2.067],[-0.098,-3.971]],"o":[[-0.033,-3.743],[1.953,-2.18],[2.799,0],[1.953,2.068],[0,0]],"v":[[17.48,-30.371],[20.361,-39.258],[27.783,-42.529],[34.912,-39.429],[37.988,-30.371]],"c":true},"ix":2},"nm":"e","mn":"ADBE Vector Shape - Group","hd":false}],"nm":"e","np":5,"cix":2,"bm":0,"ix":1,"mn":"ADBE Vector Group","hd":false}]},"fFamily":"Arial"},{"ch":"r","size":13,"style":"Bold","w":38.92,"data":{"shapes":[{"ty":"gr","it":[{"ind":0,"ty":"sh","ix":1,"ks":{"a":0,"k":{"i":[[0,0],[-0.765,2.767],[-1.335,1.058],[-1.921,0],[-2.312,-1.497],[0,0],[3.125,0],[1.741,-1.106],[2.18,-3.483],[0,0],[0,0],[0,0],[0,0]],"o":[[0,-8.821],[0.764,-2.766],[1.334,-1.057],[1.985,0],[0,0],[-2.898,-1.725],[-2.214,0],[-1.742,1.107],[0,0],[0,0],[0,0],[0,0],[0,0]],"v":[[20.312,-16.016],[21.46,-33.398],[24.609,-39.136],[29.492,-40.723],[35.938,-38.477],[40.186,-50.439],[31.152,-53.027],[25.22,-51.367],[19.336,-44.482],[19.336,-51.855],[6.592,-51.855],[6.592,0],[20.312,0]],"c":true},"ix":2},"nm":"r","mn":"ADBE Vector Shape - Group","hd":false}],"nm":"r","np":3,"cix":2,"bm":0,"ix":1,"mn":"ADBE Vector Group","hd":false}]},"fFamily":"Arial"}]}